id,code,name,group_id:id,user_type_id:id,reconcile,chart_template_id:id
ifl_acc_templ_1_1_01_01_001,1.1.01.01.001,CAIXA PDV,ifl_account_group_1111,account.data_account_type_current_assets,1,ifl_chart_of_accounts.ifl_coa_chart_template
ifl_acc_templ_1_1_01_01_002,1.1.01.01.002,CAIXA MERCADO PAGO,ifl_account_group_1111,account.data_account_type_current_assets,1,ifl_chart_of_accounts.ifl_coa_chart_template
ifl_acc_templ_1_1_01_02_001,1.1.01.02.001,CAIXA ECONOMICA AG 1087 C.C 1726-6,ifl_account_group_1112,account.data_account_type_receivable,1,ifl_chart_of_accounts.ifl_coa_chart_template
ifl_acc_templ_1_1_01_02_002,1.1.01.02.002,BANCO ITAU AG 3095 CC 21431-2,ifl_account_group_1112,account.data_account_type_receivable,1,ifl_chart_of_accounts.ifl_coa_chart_template
ifl_acc_templ_1_1_01_02_003,1.1.01.02.003,BANCO ITAU AG 0553 CC 10074-4,ifl_account_group_1112,account.data_account_type_receivable,1,ifl_chart_of_accounts.ifl_coa_chart_template
ifl_acc_templ_1_1_01_03_001,1.1.01.03.001,BANCO DO BRASIL,ifl_account_group_1113,account.data_account_type_current_assets,1,ifl_chart_of_accounts.ifl_coa_chart_template
ifl_acc_templ_1_1_01_04_001,1.1.01.04.001,BANCO DO BRASIL,ifl_account_group_1114,account.data_account_type_current_assets,1,ifl_chart_of_accounts.ifl_coa_chart_template
ifl_acc_templ_1_1_01_05_001,1.1.01.05.001,CAIXA ECONOMICA FEDERAL APLICACAO,ifl_account_group_1115,account.data_account_type_current_assets,1,ifl_chart_of_accounts.ifl_coa_chart_template
ifl_acc_templ_1_1_01_05_002,1.1.01.05.002,APLIC ITAU AUT MAIS 21431-2,ifl_account_group_1115,account.data_account_type_current_assets,1,ifl_chart_of_accounts.ifl_coa_chart_template
ifl_acc_templ_1_1_01_05_003,1.1.01.05.003,APLIC ITAU AUT MAIS 10074-4,ifl_account_group_1115,account.data_account_type_current_assets,1,ifl_chart_of_accounts.ifl_coa_chart_template
ifl_acc_templ_1_1_01_06_001,1.1.01.06.001,BANCO DO BRASIL,ifl_account_group_1116,l10n_br_coa.data_account_type_current_assets_other_credits,1,ifl_chart_of_accounts.ifl_coa_chart_template
ifl_acc_templ_1_1_01_07_001,1.1.01.07.001,BANCO DO BRASIL,ifl_account_group_1117,l10n_br_coa.data_account_type_current_assets_other_credits,1,ifl_chart_of_accounts.ifl_coa_chart_template
ifl_acc_templ_1_1_02_01_001,1.1.02.01.001,DUPLICATAS A RECEBER,ifl_account_group_1121,account.data_account_type_receivable,1,ifl_chart_of_accounts.ifl_coa_chart_template
ifl_acc_templ_1_1_02_01_002,1.1.02.01.002,MENSALIDADES A RECEBER,ifl_account_group_1121,account.data_account_type_receivable,1,ifl_chart_of_accounts.ifl_coa_chart_template
ifl_acc_templ_1_1_02_01_003,1.1.02.01.003,ANUIDADES A RECEBER,ifl_account_group_1121,account.data_account_type_receivable,1,ifl_chart_of_accounts.ifl_coa_chart_template
ifl_acc_templ_1_1_02_01_004,1.1.02.01.004,CHEQUES A RECEBER,ifl_account_group_1121,account.data_account_type_receivable,1,ifl_chart_of_accounts.ifl_coa_chart_template
ifl_acc_templ_1_1_02_01_005,1.1.02.01.005,NOTAS PROMISSORIAS A RECEBER,ifl_account_group_1121,account.data_account_type_receivable,1,ifl_chart_of_accounts.ifl_coa_chart_template
ifl_acc_templ_1_1_02_01_006,1.1.02.01.006,INVOICES A RECEBER,ifl_account_group_1121,account.data_account_type_receivable,1,ifl_chart_of_accounts.ifl_coa_chart_template
ifl_acc_templ_1_1_02_01_007,1.1.02.01.007,LUCROS E DIVIDENDOS A RECEBER,ifl_account_group_1121,account.data_account_type_receivable,1,ifl_chart_of_accounts.ifl_coa_chart_template
ifl_acc_templ_1_1_02_01_008,1.1.02.01.008,"DIREITOS,ROYALTES E LICEN. A RECEBER",ifl_account_group_1121,account.data_account_type_receivable,1,ifl_chart_of_accounts.ifl_coa_chart_template
ifl_acc_templ_1_1_02_01_009,1.1.02.01.009,ALUGUEIS A RECEBER,ifl_account_group_1121,account.data_account_type_receivable,1,ifl_chart_of_accounts.ifl_coa_chart_template
ifl_acc_templ_1_1_02_01_010,1.1.02.01.010,CONTRATO DE MUTUO,ifl_account_group_1121,l10n_br_coa.data_account_type_current_assets_other_credits,1,ifl_chart_of_accounts.ifl_coa_chart_template
ifl_acc_templ_1_1_02_01_011,1.1.02.01.011,( - ) PROVISAO PARA DINNEDORES DUVIDOSOS,ifl_account_group_1121,l10n_br_coa.data_account_type_current_assets_other_credits,1,ifl_chart_of_accounts.ifl_coa_chart_template
ifl_acc_templ_1_1_02_01_012,1.1.02.01.012,OUTROS VALORES A RECEBER,ifl_account_group_1121,l10n_br_coa.data_account_type_current_assets_other_credits,1,ifl_chart_of_accounts.ifl_coa_chart_template
ifl_acc_templ_1_1_02_01_500,1.1.02.01.500,TERMOS PARC/CONV/LEIS INC A RECEBER,ifl_account_group_1121,l10n_br_coa.data_account_type_current_assets_other_credits,1,ifl_chart_of_accounts.ifl_coa_chart_template
ifl_acc_templ_1_1_02_01_510,1.1.02.01.510,SUBVENÇÕES A RECEBER,ifl_account_group_1121,l10n_br_coa.data_account_type_current_assets_other_credits,1,ifl_chart_of_accounts.ifl_coa_chart_template
ifl_acc_templ_1_1_02_02_001,1.1.02.02.001,ADIANTAMENTO SALARIAL,ifl_account_group_1122,l10n_br_coa.data_account_type_current_assets_other_credits,1,ifl_chart_of_accounts.ifl_coa_chart_template
ifl_acc_templ_1_1_02_02_002,1.1.02.02.002,ADIANTAMENTO DE FERIAS,ifl_account_group_1122,l10n_br_coa.data_account_type_current_assets_other_credits,1,ifl_chart_of_accounts.ifl_coa_chart_template
ifl_acc_templ_1_1_02_02_003,1.1.02.02.003,ADIANTAMENTO DE 13 SALARIOS,ifl_account_group_1122,l10n_br_coa.data_account_type_current_assets_other_credits,1,ifl_chart_of_accounts.ifl_coa_chart_template
ifl_acc_templ_1_1_02_02_004,1.1.02.02.004,ADIANTAMENTO DE RECISAO,ifl_account_group_1122,l10n_br_coa.data_account_type_current_assets_other_credits,1,ifl_chart_of_accounts.ifl_coa_chart_template
ifl_acc_templ_1_1_02_02_005,1.1.02.02.005,EMPRESTIMO A FUNCIONARIO,ifl_account_group_1122,l10n_br_coa.data_account_type_current_assets_other_credits,1,ifl_chart_of_accounts.ifl_coa_chart_template
ifl_acc_templ_1_1_02_02_006,1.1.02.02.006,ADIANTAMENTO A FORNECEDOR,ifl_account_group_1122,l10n_br_coa.data_account_type_current_assets_other_credits,1,ifl_chart_of_accounts.ifl_coa_chart_template
ifl_acc_templ_1_1_02_02_007,1.1.02.02.007,ADIANTAMENTO A SOCIO,ifl_account_group_1122,l10n_br_coa.data_account_type_current_assets_other_credits,1,ifl_chart_of_accounts.ifl_coa_chart_template
ifl_acc_templ_1_1_02_02_008,1.1.02.02.008,ADIANTAMENTO A COLIGADA,ifl_account_group_1122,l10n_br_coa.data_account_type_current_assets_other_credits,1,ifl_chart_of_accounts.ifl_coa_chart_template
ifl_acc_templ_1_1_02_02_510,1.1.02.02.510,OUTROS ADIANTAMENTOS,ifl_account_group_1122,l10n_br_coa.data_account_type_current_assets_other_credits,1,ifl_chart_of_accounts.ifl_coa_chart_template
ifl_acc_templ_1_1_02_03_001,1.1.02.03.001,IRPJ ANTECIPADO,ifl_account_group_1123,l10n_br_coa.data_account_type_current_assets_other_credits,1,ifl_chart_of_accounts.ifl_coa_chart_template
ifl_acc_templ_1_1_02_03_002,1.1.02.03.002,CSLL ANTECIPADO,ifl_account_group_1123,l10n_br_coa.data_account_type_current_assets_other_credits,1,ifl_chart_of_accounts.ifl_coa_chart_template
ifl_acc_templ_1_1_02_03_003,1.1.02.03.003,IRRF A COMPENSAR,ifl_account_group_1123,l10n_br_coa.data_account_type_revenue_financial,1,ifl_chart_of_accounts.ifl_coa_chart_template
ifl_acc_templ_1_1_02_03_004,1.1.02.03.004,PIS A COMPENSAR,ifl_account_group_1123,l10n_br_coa.data_account_type_revenue_financial,1,ifl_chart_of_accounts.ifl_coa_chart_template
ifl_acc_templ_1_1_02_03_005,1.1.02.03.005,COFINS A COMPENSAR,ifl_account_group_1123,l10n_br_coa.data_account_type_other_operational_expenses,1,ifl_chart_of_accounts.ifl_coa_chart_template
ifl_acc_templ_1_1_02_03_006,1.1.02.03.006,CSLL A COMPENSAR,ifl_account_group_1123,l10n_br_coa.data_account_type_other_operational_expenses,1,ifl_chart_of_accounts.ifl_coa_chart_template
ifl_acc_templ_1_1_02_03_007,1.1.02.03.007,ICMS A COMPENSAR,ifl_account_group_1123,l10n_br_coa.data_account_type_other_operational_expenses,1,ifl_chart_of_accounts.ifl_coa_chart_template
ifl_acc_templ_1_1_02_03_008,1.1.02.03.008,IPI A COMPENSAR,ifl_account_group_1123,account.data_account_type_direct_costs,1,ifl_chart_of_accounts.ifl_coa_chart_template
ifl_acc_templ_1_1_02_03_009,1.1.02.03.009,ISS A COMPENSAR,ifl_account_group_1123,account.data_account_type_direct_costs,1,ifl_chart_of_accounts.ifl_coa_chart_template
ifl_acc_templ_1_1_02_03_010,1.1.02.03.010,INSS A COMPENSAR,ifl_account_group_1123,account.data_account_type_direct_costs,1,ifl_chart_of_accounts.ifl_coa_chart_template
ifl_acc_templ_1_1_02_03_510,1.1.02.03.510,OUTROS IMPOSTOS A COMPENSAR,ifl_account_group_1123,l10n_br_coa.data_account_type_admin_expenses,1,ifl_chart_of_accounts.ifl_coa_chart_template
ifl_acc_templ_1_1_02_04_001,1.1.02.04.001,ALMOXARIFADO,ifl_account_group_1124,l10n_br_coa.data_account_type_current_assets_stock,1,ifl_chart_of_accounts.ifl_coa_chart_template
ifl_acc_templ_1_1_02_04_002,1.1.02.04.002,MERCADORIAS,ifl_account_group_1124,l10n_br_coa.data_account_type_current_assets_stock,1,ifl_chart_of_accounts.ifl_coa_chart_template
ifl_acc_templ_1_1_02_04_003,1.1.02.04.003,PRODUTOS,ifl_account_group_1124,l10n_br_coa.data_account_type_current_assets_stock,1,ifl_chart_of_accounts.ifl_coa_chart_template
ifl_acc_templ_1_1_02_04_004,1.1.02.04.004,CONSIGNACAO,ifl_account_group_1124,l10n_br_coa.data_account_type_current_assets_stock,1,ifl_chart_of_accounts.ifl_coa_chart_template
ifl_acc_templ_1_1_02_04_005,1.1.02.04.005,MERCADORIA BONIFICAÇÃO/AMOSTRAS GRATIS,ifl_account_group_1124,l10n_br_coa.data_account_type_current_assets_stock,1,ifl_chart_of_accounts.ifl_coa_chart_template
ifl_acc_templ_1_1_02_04_510,1.1.02.04.510,OUTROS ESTOQUES,ifl_account_group_1124,l10n_br_coa.data_account_type_current_assets_stock,1,ifl_chart_of_accounts.ifl_coa_chart_template
ifl_acc_templ_1_1_02_50_001,1.1.02.50.001,PREMIOS DE SEGUROS A APROPRIAR,ifl_account_group_11250,account.data_account_type_receivable,1,ifl_chart_of_accounts.ifl_coa_chart_template
ifl_acc_templ_1_1_02_50_002,1.1.02.50.002,ASSINATURA DE PERIODICOS,ifl_account_group_11250,account.data_account_type_receivable,1,ifl_chart_of_accounts.ifl_coa_chart_template
ifl_acc_templ_1_1_02_50_510,1.1.02.50.510,OUTRAS DESPESAS ANTECIPADAS,ifl_account_group_11250,account.data_account_type_receivable,1,ifl_chart_of_accounts.ifl_coa_chart_template
ifl_acc_templ_1_2_01_01_001,1.2.01.01.001,APLICACOES FINANCEIRAS A LONGO PRAZO,ifl_account_group_1211,account.data_account_type_receivable,1,ifl_chart_of_accounts.ifl_coa_chart_template
ifl_acc_templ_1_2_01_01_002,1.2.01.01.002,CONTAS A RECEBER A LONGO PRAZO,ifl_account_group_1211,account.data_account_type_receivable,1,ifl_chart_of_accounts.ifl_coa_chart_template
ifl_acc_templ_1_2_01_01_510,1.2.01.01.510,OUTROS CREDITOS A LONGO PRAZO,ifl_account_group_1211,account.data_account_type_receivable,1,ifl_chart_of_accounts.ifl_coa_chart_template
ifl_acc_templ_1_2_02_01_001,1.2.02.01.001,PARTICIPACOES PERMANENTES EM OUTRAS CIAS,ifl_account_group_1221,account.data_account_type_receivable,1,ifl_chart_of_accounts.ifl_coa_chart_template
ifl_acc_templ_1_2_02_02_001,1.2.02.02.001,IMOVEIS PARA RENDA,ifl_account_group_1222,account.data_account_type_receivable,1,ifl_chart_of_accounts.ifl_coa_chart_template
ifl_acc_templ_1_2_02_02_510,1.2.02.02.510,OUTROS INVESTIMENTOS PERMANENTES,ifl_account_group_1222,account.data_account_type_receivable,1,ifl_chart_of_accounts.ifl_coa_chart_template
ifl_acc_templ_1_2_03_01_001,1.2.03.01.001,PINTURAS,ifl_account_group_1231,account.data_account_type_receivable,1,ifl_chart_of_accounts.ifl_coa_chart_template
ifl_acc_templ_1_2_03_01_002,1.2.03.01.002,ESCULTURAS,ifl_account_group_1231,account.data_account_type_receivable,1,ifl_chart_of_accounts.ifl_coa_chart_template
ifl_acc_templ_1_2_03_01_003,1.2.03.01.003,FOTOGRAFIAS E VIDEOS,ifl_account_group_1231,account.data_account_type_receivable,1,ifl_chart_of_accounts.ifl_coa_chart_template
ifl_acc_templ_1_2_03_01_004,1.2.03.01.004,GRAVURAS,ifl_account_group_1231,account.data_account_type_receivable,1,ifl_chart_of_accounts.ifl_coa_chart_template
ifl_acc_templ_1_2_03_01_005,1.2.03.01.005,LIVROS,ifl_account_group_1231,account.data_account_type_receivable,1,ifl_chart_of_accounts.ifl_coa_chart_template
ifl_acc_templ_1_2_03_01_006,1.2.03.01.006,TERRENOS,ifl_account_group_1231,account.data_account_type_receivable,1,ifl_chart_of_accounts.ifl_coa_chart_template
ifl_acc_templ_1_2_03_01_007,1.2.03.01.007,EDIFICACOES,ifl_account_group_1231,account.data_account_type_receivable,1,ifl_chart_of_accounts.ifl_coa_chart_template
ifl_acc_templ_1_2_03_01_008,1.2.03.01.008,INSTALACOES,ifl_account_group_1231,account.data_account_type_receivable,1,ifl_chart_of_accounts.ifl_coa_chart_template
ifl_acc_templ_1_2_03_01_009,1.2.03.01.009,VEICULOS,ifl_account_group_1231,account.data_account_type_receivable,1,ifl_chart_of_accounts.ifl_coa_chart_template
ifl_acc_templ_1_2_03_01_010,1.2.03.01.010,MAQUINAS E EQUIPAMENTOS,ifl_account_group_1231,account.data_account_type_receivable,1,ifl_chart_of_accounts.ifl_coa_chart_template
ifl_acc_templ_1_2_03_01_011,1.2.03.01.011,MOVEIS E UTENSILIOS,ifl_account_group_1231,account.data_account_type_receivable,1,ifl_chart_of_accounts.ifl_coa_chart_template
ifl_acc_templ_1_2_03_01_012,1.2.03.01.012,EQUIPAMENTOS PROC DADOS,ifl_account_group_1231,account.data_account_type_receivable,1,ifl_chart_of_accounts.ifl_coa_chart_template
ifl_acc_templ_1_2_03_01_013,1.2.03.01.013,LINHAS TELEFONICAS,ifl_account_group_1231,account.data_account_type_receivable,1,ifl_chart_of_accounts.ifl_coa_chart_template
ifl_acc_templ_1_2_03_01_014,1.2.03.01.014,SOFTWARES,ifl_account_group_1231,account.data_account_type_receivable,1,ifl_chart_of_accounts.ifl_coa_chart_template
ifl_acc_templ_1_2_03_01_015,1.2.03.01.015,IMOBILIZADO A CLASSIFICAR,ifl_account_group_1231,account.data_account_type_receivable,1,ifl_chart_of_accounts.ifl_coa_chart_template
ifl_acc_templ_1_2_03_01_505,1.2.03.01.505,IMOBILIZADO EM ANDAMENTO,ifl_account_group_1231,account.data_account_type_receivable,1,ifl_chart_of_accounts.ifl_coa_chart_template
ifl_acc_templ_1_2_03_01_510,1.2.03.01.510,OUTRAS IMOBILIZACOES,ifl_account_group_1231,account.data_account_type_receivable,1,ifl_chart_of_accounts.ifl_coa_chart_template
ifl_acc_templ_1_2_03_02_001,1.2.03.02.001,DEPR ACUM EDIFICACOES,ifl_account_group_1232,account.data_account_type_receivable,1,ifl_chart_of_accounts.ifl_coa_chart_template
ifl_acc_templ_1_2_03_02_002,1.2.03.02.002,DEPR ACUM INSTALACOES,ifl_account_group_1232,account.data_account_type_receivable,1,ifl_chart_of_accounts.ifl_coa_chart_template
ifl_acc_templ_1_2_03_02_003,1.2.03.02.003,DEPR ACUM VEICULOS,ifl_account_group_1232,account.data_account_type_receivable,1,ifl_chart_of_accounts.ifl_coa_chart_template
ifl_acc_templ_1_2_03_02_004,1.2.03.02.004,DEPR ACUM MAQUINAS E EQUIPAMENTOS,ifl_account_group_1232,account.data_account_type_receivable,1,ifl_chart_of_accounts.ifl_coa_chart_template
ifl_acc_templ_1_2_03_02_005,1.2.03.02.005,DEPR ACUM MOVEIS E UTENSILIOS,ifl_account_group_1232,account.data_account_type_receivable,1,ifl_chart_of_accounts.ifl_coa_chart_template
ifl_acc_templ_1_2_03_02_006,1.2.03.02.006,DEPR ACUM EQUIPAMENTOS PROC DADOS,ifl_account_group_1232,account.data_account_type_receivable,1,ifl_chart_of_accounts.ifl_coa_chart_template
ifl_acc_templ_1_2_03_02_007,1.2.03.02.007,DEPR ACUM SOFTWARES,ifl_account_group_1232,account.data_account_type_receivable,1,ifl_chart_of_accounts.ifl_coa_chart_template
ifl_acc_templ_1_2_03_02_510,1.2.03.02.510,DEPR ACUM OUTROS IMOBILIZADOS,ifl_account_group_1232,account.data_account_type_receivable,1,ifl_chart_of_accounts.ifl_coa_chart_template
ifl_acc_templ_1_2_03_03_001,1.2.03.03.001,MARCAS E PATENTES,ifl_account_group_1233,account.data_account_type_receivable,1,ifl_chart_of_accounts.ifl_coa_chart_template
ifl_acc_templ_1_2_03_03_002,1.2.03.03.002,DIREITOS AUTORAIS ADQUIRIDOS E DESENVOLVIDOS,ifl_account_group_1233,account.data_account_type_receivable,1,ifl_chart_of_accounts.ifl_coa_chart_template
ifl_acc_templ_1_2_03_03_003,1.2.03.03.003,INVESTIMENTOS EM PROJETOS CIENTIFICOS E TECNOLOGIC,ifl_account_group_1233,account.data_account_type_receivable,1,ifl_chart_of_accounts.ifl_coa_chart_template
ifl_acc_templ_1_2_03_03_505,1.2.03.03.505,INTANGIVEL EM ANDAMENTO,ifl_account_group_1233,account.data_account_type_receivable,1,ifl_chart_of_accounts.ifl_coa_chart_template
ifl_acc_templ_1_2_03_03_510,1.2.03.03.510,OUTROS ATIVOS INTANGIVEIS,ifl_account_group_1233,account.data_account_type_receivable,1,ifl_chart_of_accounts.ifl_coa_chart_template
ifl_acc_templ_1_2_03_04_001,1.2.03.04.001,GASTOS DE ORGANIZACAO E ADMINISTRACAO,ifl_account_group_1234,account.data_account_type_receivable,1,ifl_chart_of_accounts.ifl_coa_chart_template
ifl_acc_templ_1_2_03_04_002,1.2.03.04.002,ENCARGOS FINANCEIROS LIQUIDOS,ifl_account_group_1234,account.data_account_type_receivable,1,ifl_chart_of_accounts.ifl_coa_chart_template
ifl_acc_templ_1_2_03_04_003,1.2.03.04.003,"ESTUDOS,PROJETOS E DETALHAMENTOS",ifl_account_group_1234,account.data_account_type_receivable,1,ifl_chart_of_accounts.ifl_coa_chart_template
ifl_acc_templ_1_2_03_04_004,1.2.03.04.004,GASTOS PRELIMINARES DE OPERACIONAIS,ifl_account_group_1234,account.data_account_type_receivable,1,ifl_chart_of_accounts.ifl_coa_chart_template
ifl_acc_templ_1_2_03_04_005,1.2.03.04.005,PESQUISAS E DESENVOLVIMENTO DE PRODUTOS,ifl_account_group_1234,account.data_account_type_receivable,1,ifl_chart_of_accounts.ifl_coa_chart_template
ifl_acc_templ_1_2_03_04_006,1.2.03.04.006,SALARIOS E ENCARGOS,ifl_account_group_1234,account.data_account_type_receivable,1,ifl_chart_of_accounts.ifl_coa_chart_template
ifl_acc_templ_1_2_03_04_007,1.2.03.04.007,SERVICOS PRESTADOS PESSOA JURIDICA,ifl_account_group_1234,account.data_account_type_receivable,1,ifl_chart_of_accounts.ifl_coa_chart_template
ifl_acc_templ_1_2_03_04_008,1.2.03.04.008,CUSTOS GERAIS DE PESQ.E DESENV.PROJETOS,ifl_account_group_1234,account.data_account_type_receivable,1,ifl_chart_of_accounts.ifl_coa_chart_template
ifl_acc_templ_1_2_03_04_510,1.2.03.04.510,OUTROS GASTOS PRE OPERACIONAIS E IMPLANTACOES,ifl_account_group_1234,account.data_account_type_receivable,1,ifl_chart_of_accounts.ifl_coa_chart_template
ifl_acc_templ_1_2_03_05_001,1.2.03.05.001,AMORT ACUM GASTOS PRE OPERACIONAIS E IMPLANTACAO,ifl_account_group_1235,account.data_account_type_receivable,1,ifl_chart_of_accounts.ifl_coa_chart_template
ifl_acc_templ_1_2_03_05_002,1.2.03.05.002,AMORT ACUM SOFTWARES,ifl_account_group_1235,account.data_account_type_receivable,1,ifl_chart_of_accounts.ifl_coa_chart_template
ifl_acc_templ_1_2_03_05_510,1.2.03.05.510,AMORT ACUM OUTROS DIFERIDOS,ifl_account_group_1235,account.data_account_type_receivable,1,ifl_chart_of_accounts.ifl_coa_chart_template
ifl_acc_templ_1_3_01_001,1.3.01.001,MERCADORIAS EM CONSIGNAÇÃO,ifl_account_group_131,account.data_account_type_receivable,1,ifl_chart_of_accounts.ifl_coa_chart_template
ifl_acc_templ_1_3_01_002,1.3.01.002,COMODATO,ifl_account_group_131,account.data_account_type_receivable,1,ifl_chart_of_accounts.ifl_coa_chart_template
ifl_acc_templ_2_1_01_01_001,2.1.01.01.001,EMPRESTIMOS BANCARIOS,ifl_account_group_2111,account.data_account_type_receivable,1,ifl_chart_of_accounts.ifl_coa_chart_template
ifl_acc_templ_2_1_01_01_002,2.1.01.01.002,CONTRATOS DE MUTUO,ifl_account_group_2111,account.data_account_type_receivable,1,ifl_chart_of_accounts.ifl_coa_chart_template
ifl_acc_templ_2_1_01_01_003,2.1.01.01.003,FINANCIAMENTOS,ifl_account_group_2111,account.data_account_type_receivable,1,ifl_chart_of_accounts.ifl_coa_chart_template
ifl_acc_templ_2_1_01_01_510,2.1.01.01.510,OUTROS EMPRESTIMOS E FINANCIAMENTOS,ifl_account_group_2111,account.data_account_type_receivable,1,ifl_chart_of_accounts.ifl_coa_chart_template
ifl_acc_templ_2_1_01_02_001,2.1.01.02.001,SALARIOS A PAGAR,ifl_account_group_2112,l10n_br_coa.data_account_type_current_liabilities_labor,1,ifl_chart_of_accounts.ifl_coa_chart_template
ifl_acc_templ_2_1_01_02_002,2.1.01.02.002,13 SALARIO A PAGAR,ifl_account_group_2112,l10n_br_coa.data_account_type_current_liabilities_labor,1,ifl_chart_of_accounts.ifl_coa_chart_template
ifl_acc_templ_2_1_01_02_003,2.1.01.02.003,PROVISAO DE 13 SALARIOS E ENCARGOS,ifl_account_group_2112,l10n_br_coa.data_account_type_current_liabilities_reserve,1,ifl_chart_of_accounts.ifl_coa_chart_template
ifl_acc_templ_2_1_01_02_004,2.1.01.02.004,PROVISAO DE FERIAS E ENCARGOS,ifl_account_group_2112,l10n_br_coa.data_account_type_current_liabilities_reserve,1,ifl_chart_of_accounts.ifl_coa_chart_template
ifl_acc_templ_2_1_01_02_005,2.1.01.02.005,PROVISAO DE FGTS 13 SALARIO,ifl_account_group_2112,l10n_br_coa.data_account_type_current_liabilities_reserve,1,ifl_chart_of_accounts.ifl_coa_chart_template
ifl_acc_templ_2_1_01_02_006,2.1.01.02.006,PROVISAO DE PIS 13 SALARIO,ifl_account_group_2112,l10n_br_coa.data_account_type_current_liabilities_reserve,1,ifl_chart_of_accounts.ifl_coa_chart_template
ifl_acc_templ_2_1_01_02_007,2.1.01.02.007,PROVISAO DE INSS 13 SALARIO,ifl_account_group_2112,l10n_br_coa.data_account_type_current_liabilities_reserve,1,ifl_chart_of_accounts.ifl_coa_chart_template
ifl_acc_templ_2_1_01_02_008,2.1.01.02.008,PROVISAO DE FGTS FERIAS,ifl_account_group_2112,l10n_br_coa.data_account_type_current_liabilities_reserve,1,ifl_chart_of_accounts.ifl_coa_chart_template
ifl_acc_templ_2_1_01_02_009,2.1.01.02.009,PROVISAO DE INSS FERIAS,ifl_account_group_2112,l10n_br_coa.data_account_type_current_liabilities_reserve,1,ifl_chart_of_accounts.ifl_coa_chart_template
ifl_acc_templ_2_1_01_02_010,2.1.01.02.010,PROVISAO DE PIS FERIAS,ifl_account_group_2112,l10n_br_coa.data_account_type_current_liabilities_reserve,1,ifl_chart_of_accounts.ifl_coa_chart_template
ifl_acc_templ_2_1_01_02_011,2.1.01.02.011,AUTONOMOS A PAGAR,ifl_account_group_2112,l10n_br_coa.data_account_type_current_liabilities_labor,1,ifl_chart_of_accounts.ifl_coa_chart_template
ifl_acc_templ_2_1_01_02_510,2.1.01.02.510,OUTRAS OBRIGACOES TRABALHISTAS A RECOLHER,ifl_account_group_2112,l10n_br_coa.data_account_type_current_liabilities_labor,1,ifl_chart_of_accounts.ifl_coa_chart_template
ifl_acc_templ_2_1_01_03_001,2.1.01.03.001,INSS A RECOLHER,ifl_account_group_2113,l10n_br_coa.data_account_type_current_liabilities_fiscal,1,ifl_chart_of_accounts.ifl_coa_chart_template
ifl_acc_templ_2_1_01_03_002,2.1.01.03.002,FGTS A RECOLHER,ifl_account_group_2113,l10n_br_coa.data_account_type_current_liabilities_fiscal,1,ifl_chart_of_accounts.ifl_coa_chart_template
ifl_acc_templ_2_1_01_03_003,2.1.01.03.003,CONTR. SINDICAIS A RECOLHER,ifl_account_group_2113,l10n_br_coa.data_account_type_current_liabilities_fiscal,1,ifl_chart_of_accounts.ifl_coa_chart_template
ifl_acc_templ_2_1_01_03_004,2.1.01.03.004,PIS FOLHA DE SALARIOS A RECOLHER,ifl_account_group_2113,l10n_br_coa.data_account_type_current_liabilities_fiscal,1,ifl_chart_of_accounts.ifl_coa_chart_template
ifl_acc_templ_2_1_01_03_510,2.1.01.03.510,OUTROS ENCARGOS SOCIAIS A RECOLHER,ifl_account_group_2113,l10n_br_coa.data_account_type_current_liabilities_fiscal,1,ifl_chart_of_accounts.ifl_coa_chart_template
ifl_acc_templ_2_1_01_04_001,2.1.01.04.001,CSLL A RECOLHER,ifl_account_group_2114,l10n_br_coa.data_account_type_current_liabilities_fiscal,1,ifl_chart_of_accounts.ifl_coa_chart_template
ifl_acc_templ_2_1_01_04_002,2.1.01.04.002,COFINS REC.BRUTA A RECOLHER,ifl_account_group_2114,l10n_br_coa.data_account_type_current_liabilities_fiscal,1,ifl_chart_of_accounts.ifl_coa_chart_template
ifl_acc_templ_2_1_01_04_003,2.1.01.04.003,PIS REC.BRUTA A RECOLHER,ifl_account_group_2114,l10n_br_coa.data_account_type_current_liabilities_fiscal,1,ifl_chart_of_accounts.ifl_coa_chart_template
ifl_acc_templ_2_1_01_04_004,2.1.01.04.004,IPI A RECOLHER,ifl_account_group_2114,l10n_br_coa.data_account_type_current_liabilities_fiscal,1,ifl_chart_of_accounts.ifl_coa_chart_template
ifl_acc_templ_2_1_01_04_005,2.1.01.04.005,ICMS A RECOLHER,ifl_account_group_2114,l10n_br_coa.data_account_type_current_liabilities_fiscal,1,ifl_chart_of_accounts.ifl_coa_chart_template
ifl_acc_templ_2_1_01_04_006,2.1.01.04.006,ISSQN A RECOLHER,ifl_account_group_2114,l10n_br_coa.data_account_type_current_liabilities_fiscal,1,ifl_chart_of_accounts.ifl_coa_chart_template
ifl_acc_templ_2_1_01_04_007,2.1.01.04.007,IRRF 0561 - (FUNCIONARIOS) A RECOLHER,ifl_account_group_2114,l10n_br_coa.data_account_type_current_liabilities_fiscal,1,ifl_chart_of_accounts.ifl_coa_chart_template
ifl_acc_templ_2_1_01_04_008,2.1.01.04.008,IRRF 0588 - (AUTONOMOS) A RECOLHER,ifl_account_group_2114,l10n_br_coa.data_account_type_current_liabilities_fiscal,1,ifl_chart_of_accounts.ifl_coa_chart_template
ifl_acc_templ_2_1_01_04_009,2.1.01.04.009,IRRF 3208 - (ALUGUEIS) A RECOLHER,ifl_account_group_2114,l10n_br_coa.data_account_type_current_liabilities_fiscal,1,ifl_chart_of_accounts.ifl_coa_chart_template
ifl_acc_templ_2_1_01_04_010,2.1.01.04.010,IRRF 1708 - (P JURIDICAS) A RECOLHER,ifl_account_group_2114,l10n_br_coa.data_account_type_current_liabilities_fiscal,1,ifl_chart_of_accounts.ifl_coa_chart_template
ifl_acc_templ_2_1_01_04_011,2.1.01.04.011,PIS/COF/CSLL 5952 A RECOLHER,ifl_account_group_2114,l10n_br_coa.data_account_type_current_liabilities_fiscal,1,ifl_chart_of_accounts.ifl_coa_chart_template
ifl_acc_templ_2_1_01_04_012,2.1.01.04.012,INSS RET FONTE FORNECEDORES A RECOLHER,ifl_account_group_2114,l10n_br_coa.data_account_type_current_liabilities_fiscal,1,ifl_chart_of_accounts.ifl_coa_chart_template
ifl_acc_templ_2_1_01_04_013,2.1.01.04.013,ISS RET FONTE FORNECEDORES A RECOLHER,ifl_account_group_2114,l10n_br_coa.data_account_type_current_liabilities_fiscal,1,ifl_chart_of_accounts.ifl_coa_chart_template
ifl_acc_templ_2_1_01_04_014,2.1.01.04.014,SIMPLES NACIONAL A PAGAR,ifl_account_group_2114,l10n_br_coa.data_account_type_current_liabilities_fiscal,1,ifl_chart_of_accounts.ifl_coa_chart_template
ifl_acc_templ_2_1_01_04_015,2.1.01.04.015,IRPJ A RECOLHER,ifl_account_group_2114,l10n_br_coa.data_account_type_current_liabilities_fiscal,1,ifl_chart_of_accounts.ifl_coa_chart_template
ifl_acc_templ_2_1_01_04_510,2.1.01.04.510,OUTROS TRIBUTOS A RECOLHER,ifl_account_group_2114,l10n_br_coa.data_account_type_current_liabilities_fiscal,1,ifl_chart_of_accounts.ifl_coa_chart_template
ifl_acc_templ_2_1_01_05_001,2.1.01.05.001,FORNECEDORES A PAGAR,ifl_account_group_2115,account.data_account_type_payable,1,ifl_chart_of_accounts.ifl_coa_chart_template
ifl_acc_templ_2_1_01_05_002,2.1.01.05.002,CONTAS A PAGAR,ifl_account_group_2115,account.data_account_type_payable,1,ifl_chart_of_accounts.ifl_coa_chart_template
ifl_acc_templ_2_1_01_05_003,2.1.01.05.003,ALUGUEIS A PAGAR,ifl_account_group_2115,account.data_account_type_payable,1,ifl_chart_of_accounts.ifl_coa_chart_template
ifl_acc_templ_2_1_01_05_004,2.1.01.05.004,SEGUROS A PAGAR,ifl_account_group_2115,account.data_account_type_payable,1,ifl_chart_of_accounts.ifl_coa_chart_template
ifl_acc_templ_2_1_01_05_510,2.1.01.05.510,OUTRAS CONTAS A PAGAR,ifl_account_group_2115,account.data_account_type_payable,1,ifl_chart_of_accounts.ifl_coa_chart_template
ifl_acc_templ_2_1_01_06_001,2.1.01.06.001,ADIANTAMENTO DE CLIENTE,ifl_account_group_2116,account.data_account_type_receivable,1,ifl_chart_of_accounts.ifl_coa_chart_template
ifl_acc_templ_2_1_01_06_002,2.1.01.06.002,ADIANTAMENTO DE SOCIO,ifl_account_group_2116,account.data_account_type_receivable,1,ifl_chart_of_accounts.ifl_coa_chart_template
ifl_acc_templ_2_1_01_06_003,2.1.01.06.003,ADIANTAMENTO DE COLIGADA,ifl_account_group_2116,account.data_account_type_receivable,1,ifl_chart_of_accounts.ifl_coa_chart_template
ifl_acc_templ_2_1_01_06_510,2.1.01.06.510,OUTROS ADIANTAMENTOS,ifl_account_group_2116,account.data_account_type_receivable,1,ifl_chart_of_accounts.ifl_coa_chart_template
ifl_acc_templ_2_1_02_01_001,2.1.02.01.001,RECURSOS DE TERMOS DE PARCERIA,ifl_account_group_2121,account.data_account_type_receivable,1,ifl_chart_of_accounts.ifl_coa_chart_template
ifl_acc_templ_2_1_02_01_002,2.1.02.01.002,RECURSOS DE CONVENIOS,ifl_account_group_2121,account.data_account_type_receivable,1,ifl_chart_of_accounts.ifl_coa_chart_template
ifl_acc_templ_2_1_02_01_003,2.1.02.01.003,DOACOES RECEBIDAS - LEIS INCENTIVOS,ifl_account_group_2121,account.data_account_type_receivable,1,ifl_chart_of_accounts.ifl_coa_chart_template
ifl_acc_templ_2_1_02_01_004,2.1.02.01.004,PATROCINIOS - LEIS DE INCENTIVOS,ifl_account_group_2121,account.data_account_type_receivable,1,ifl_chart_of_accounts.ifl_coa_chart_template
ifl_acc_templ_2_1_02_01_005,2.1.02.01.005,RENDIMENTO DE APLICACAO FINANCEIRA,ifl_account_group_2121,account.data_account_type_receivable,1,ifl_chart_of_accounts.ifl_coa_chart_template
ifl_acc_templ_2_1_02_01_510,2.1.02.01.510,OUTROS RECURSOS,ifl_account_group_2121,account.data_account_type_receivable,1,ifl_chart_of_accounts.ifl_coa_chart_template
ifl_acc_templ_2_1_02_02_001,2.1.02.02.001,DESPESAS COM PESSOAL,ifl_account_group_2122,account.data_account_type_receivable,1,ifl_chart_of_accounts.ifl_coa_chart_template
ifl_acc_templ_2_1_02_02_002,2.1.02.02.002,BENEFICIOS PESSOAL COM VINCULO,ifl_account_group_2122,account.data_account_type_receivable,1,ifl_chart_of_accounts.ifl_coa_chart_template
ifl_acc_templ_2_1_02_02_003,2.1.02.02.003,ENCARGOS SOCIAIS,ifl_account_group_2122,account.data_account_type_receivable,1,ifl_chart_of_accounts.ifl_coa_chart_template
ifl_acc_templ_2_1_02_02_004,2.1.02.02.004,SERVICOS TOMADOS DE TERCEIROS,ifl_account_group_2122,account.data_account_type_receivable,1,ifl_chart_of_accounts.ifl_coa_chart_template
ifl_acc_templ_2_1_02_02_005,2.1.02.02.005,VIAGENS,ifl_account_group_2122,account.data_account_type_receivable,1,ifl_chart_of_accounts.ifl_coa_chart_template
ifl_acc_templ_2_1_02_02_006,2.1.02.02.006,OCUPACAO,ifl_account_group_2122,account.data_account_type_receivable,1,ifl_chart_of_accounts.ifl_coa_chart_template
ifl_acc_templ_2_1_02_02_007,2.1.02.02.007,DESPESAS COM VEICULOS,ifl_account_group_2122,account.data_account_type_receivable,1,ifl_chart_of_accounts.ifl_coa_chart_template
ifl_acc_templ_2_1_02_02_008,2.1.02.02.008,DESPESAS ADMINISTRATIVAS,ifl_account_group_2122,account.data_account_type_receivable,1,ifl_chart_of_accounts.ifl_coa_chart_template
ifl_acc_templ_2_1_02_02_009,2.1.02.02.009,MARKETING / CAPTACAO REC / DESENV PARCERIAS,ifl_account_group_2122,account.data_account_type_receivable,1,ifl_chart_of_accounts.ifl_coa_chart_template
ifl_acc_templ_2_1_02_02_010,2.1.02.02.010,DESPESAS TRIBUTARIAS,ifl_account_group_2122,account.data_account_type_receivable,1,ifl_chart_of_accounts.ifl_coa_chart_template
ifl_acc_templ_2_1_02_02_011,2.1.02.02.011,DESPESAS FINANCEIRAS,ifl_account_group_2122,account.data_account_type_receivable,1,ifl_chart_of_accounts.ifl_coa_chart_template
ifl_acc_templ_2_1_02_02_012,2.1.02.02.012,DESPESAS COM MATERIAIS HOSPITALARES,ifl_account_group_2122,account.data_account_type_receivable,1,ifl_chart_of_accounts.ifl_coa_chart_template
ifl_acc_templ_2_1_02_02_015,2.1.02.02.015,CUSTO DOS PRODUTOS/MERCADORIAS VENDIDAS,ifl_account_group_2122,account.data_account_type_receivable,1,ifl_chart_of_accounts.ifl_coa_chart_template
ifl_acc_templ_2_1_02_02_016,2.1.02.02.016,CUSTOS GERAIS DE IMPORTACOES,ifl_account_group_2122,account.data_account_type_receivable,1,ifl_chart_of_accounts.ifl_coa_chart_template
ifl_acc_templ_2_1_02_02_017,2.1.02.02.017,ASSISTENCIA SOCIAL / FILANTROPIA,ifl_account_group_2122,account.data_account_type_receivable,1,ifl_chart_of_accounts.ifl_coa_chart_template
ifl_acc_templ_2_1_02_02_018,2.1.02.02.018,IMOBILIZAÇÕES,ifl_account_group_2122,account.data_account_type_receivable,1,ifl_chart_of_accounts.ifl_coa_chart_template
ifl_acc_templ_2_1_02_02_019,2.1.02.02.019,DEPRECIACOES ACUMULADAS,ifl_account_group_2122,account.data_account_type_depreciation,1,ifl_chart_of_accounts.ifl_coa_chart_template
ifl_acc_templ_2_1_02_02_020,2.1.02.02.020,DESPESAS DEPRECIACOES E AMORTIZAÇÕES,ifl_account_group_2122,account.data_account_type_depreciation,1,ifl_chart_of_accounts.ifl_coa_chart_template
ifl_acc_templ_2_2_01_01_001,2.2.01.01.001,MATRICULAS ESCOLARES,ifl_account_group_2211,account.data_account_type_receivable,1,ifl_chart_of_accounts.ifl_coa_chart_template
ifl_acc_templ_2_2_01_01_002,2.2.01.01.002,VENDAS DE INGRESSOS,ifl_account_group_2211,account.data_account_type_receivable,1,ifl_chart_of_accounts.ifl_coa_chart_template
ifl_acc_templ_2_2_01_01_003,2.2.01.01.003,ANUIDADES,ifl_account_group_2211,account.data_account_type_receivable,1,ifl_chart_of_accounts.ifl_coa_chart_template
ifl_acc_templ_2_2_01_01_004,2.2.01.01.004,VENDAS PARA ENTREGA FUTURA,ifl_account_group_2211,account.data_account_type_receivable,1,ifl_chart_of_accounts.ifl_coa_chart_template
ifl_acc_templ_2_2_01_01_510,2.2.01.01.510,OUTRAS RECEITAS ANTECIPADAS,ifl_account_group_2211,account.data_account_type_receivable,1,ifl_chart_of_accounts.ifl_coa_chart_template
ifl_acc_templ_2_2_01_02_001,2.2.01.02.001,CUSTOS DE EXERCICIOS FUTUROS,ifl_account_group_2212,account.data_account_type_receivable,1,ifl_chart_of_accounts.ifl_coa_chart_template
ifl_acc_templ_2_2_01_02_002,2.2.01.02.002,DESPESAS DE EXERCICIOS FUTUROS,ifl_account_group_2212,account.data_account_type_receivable,1,ifl_chart_of_accounts.ifl_coa_chart_template
ifl_acc_templ_2_2_01_02_510,2.2.01.02.510,OUTROS CUSTOS E DESPESAS DE EXERCICIOS FUTUROS,ifl_account_group_2212,account.data_account_type_receivable,1,ifl_chart_of_accounts.ifl_coa_chart_template
ifl_acc_templ_2_2_02_01_001,2.2.02.01.001,EM MOEDA NACIONAL,ifl_account_group_2221,account.data_account_type_receivable,1,ifl_chart_of_accounts.ifl_coa_chart_template
ifl_acc_templ_2_2_02_01_002,2.2.02.01.002,EM MOEDA ESTRANGEIRA,ifl_account_group_2221,account.data_account_type_receivable,1,ifl_chart_of_accounts.ifl_coa_chart_template
ifl_acc_templ_2_2_02_01_003,2.2.02.01.003,CONTRATOS DE MUTUO,ifl_account_group_2221,account.data_account_type_receivable,1,ifl_chart_of_accounts.ifl_coa_chart_template
ifl_acc_templ_2_2_02_02_001,2.2.02.02.001,EMPRESAS COLIGADAS,ifl_account_group_2222,account.data_account_type_receivable,1,ifl_chart_of_accounts.ifl_coa_chart_template
ifl_acc_templ_2_2_02_02_002,2.2.02.02.002,EMPRESAS CONTROLADAS,ifl_account_group_2222,account.data_account_type_receivable,1,ifl_chart_of_accounts.ifl_coa_chart_template
ifl_acc_templ_2_2_02_02_003,2.2.02.02.003,ADMINISTRADORES,ifl_account_group_2222,account.data_account_type_receivable,1,ifl_chart_of_accounts.ifl_coa_chart_template
ifl_acc_templ_2_2_02_02_510,2.2.02.02.510,OUTROS CREDITOS COLIGADAS,ifl_account_group_2222,account.data_account_type_receivable,1,ifl_chart_of_accounts.ifl_coa_chart_template
ifl_acc_templ_2_2_02_03_001,2.2.02.03.001,CONTIGENCIAS FISCAIS,ifl_account_group_2223,account.data_account_type_receivable,1,ifl_chart_of_accounts.ifl_coa_chart_template
ifl_acc_templ_2_2_02_03_002,2.2.02.03.002,CONTIGENCIAS TRABALHISTAS,ifl_account_group_2223,account.data_account_type_receivable,1,ifl_chart_of_accounts.ifl_coa_chart_template
ifl_acc_templ_2_2_02_03_003,2.2.02.03.003,CONTIGENCIAS PREVIDENCIARIAS,ifl_account_group_2223,account.data_account_type_receivable,1,ifl_chart_of_accounts.ifl_coa_chart_template
ifl_acc_templ_2_2_02_03_004,2.2.02.03.004,OUTRAS CONTIGENCIAS A LONGO PRAZO,ifl_account_group_2223,account.data_account_type_receivable,1,ifl_chart_of_accounts.ifl_coa_chart_template
ifl_acc_templ_2_3_01_01_001,2.3.01.01.001,FUNDOS INSTITUCIONAIS,ifl_account_group_2311,account.data_account_type_receivable,1,ifl_chart_of_accounts.ifl_coa_chart_template
ifl_acc_templ_2_3_01_01_002,2.3.01.01.002,FUNDOS ESPECIAIS,ifl_account_group_2311,account.data_account_type_receivable,1,ifl_chart_of_accounts.ifl_coa_chart_template
ifl_acc_templ_2_3_01_01_003,2.3.01.01.003,DOACOES E SUBVENCOES,ifl_account_group_2311,account.data_account_type_receivable,1,ifl_chart_of_accounts.ifl_coa_chart_template
ifl_acc_templ_2_3_01_01_004,2.3.01.01.004,FUNDO ESTATUTARIO,ifl_account_group_2311,account.data_account_type_receivable,1,ifl_chart_of_accounts.ifl_coa_chart_template
ifl_acc_templ_2_3_01_01_005,2.3.01.01.005,FUNDO DE REAVALIACAO,ifl_account_group_2311,account.data_account_type_receivable,1,ifl_chart_of_accounts.ifl_coa_chart_template
ifl_acc_templ_2_3_01_01_510,2.3.01.01.510,OUTROS FUNDOS,ifl_account_group_2311,account.data_account_type_receivable,1,ifl_chart_of_accounts.ifl_coa_chart_template
ifl_acc_templ_2_3_01_02_001,2.3.01.02.001,SUPERAVITS / (DEFICITS) ACUMULADOS,ifl_account_group_2312,account.data_account_type_receivable,1,ifl_chart_of_accounts.ifl_coa_chart_template
ifl_acc_templ_2_3_01_02_003,2.3.01.02.003,SUPERAVIT / (DEFICIT) DO EXERCICIO,ifl_account_group_2312,account.data_account_type_receivable,1,ifl_chart_of_accounts.ifl_coa_chart_template
ifl_acc_templ_2_3_02_01_001,2.3.02.01.001,CAPITAL SUBSCRITO,ifl_account_group_2321,account.data_account_type_equity,1,ifl_chart_of_accounts.ifl_coa_chart_template
ifl_acc_templ_2_3_02_01_002,2.3.02.01.002,CAPITAL AUTORIZADO,ifl_account_group_2321,account.data_account_type_equity,1,ifl_chart_of_accounts.ifl_coa_chart_template
ifl_acc_templ_2_3_02_01_003,2.3.02.01.003,CAPITAL A SUBSCREVER,ifl_account_group_2321,account.data_account_type_equity,1,ifl_chart_of_accounts.ifl_coa_chart_template
ifl_acc_templ_2_3_02_01_004,2.3.02.01.004,CAPITAL A INTEGRALIZAR,ifl_account_group_2321,account.data_account_type_equity,1,ifl_chart_of_accounts.ifl_coa_chart_template
ifl_acc_templ_2_3_02_02_001,2.3.02.02.001,AGIO NA EMISSAO DE ACOES,ifl_account_group_2322,account.data_account_type_receivable,1,ifl_chart_of_accounts.ifl_coa_chart_template
ifl_acc_templ_2_3_02_02_002,2.3.02.02.002,ALIENACAO DE PARTE BENEFICIARIAS,ifl_account_group_2322,account.data_account_type_receivable,1,ifl_chart_of_accounts.ifl_coa_chart_template
ifl_acc_templ_2_3_02_03_001,2.3.02.03.001,REAVALIACAO DE ATIVOS PROPRIOS,ifl_account_group_2323,account.data_account_type_receivable,1,ifl_chart_of_accounts.ifl_coa_chart_template
ifl_acc_templ_2_3_02_04_001,2.3.02.04.001,RESERVA LEGAL,ifl_account_group_2324,l10n_br_coa.data_account_type_net_worth_capital_reserve,1,ifl_chart_of_accounts.ifl_coa_chart_template
ifl_acc_templ_2_3_02_04_002,2.3.02.04.002,RESERVAS ESTATUTARIAS,ifl_account_group_2324,l10n_br_coa.data_account_type_net_worth_capital_reserve,1,ifl_chart_of_accounts.ifl_coa_chart_template
ifl_acc_templ_2_3_02_04_003,2.3.02.04.003,RESERVAS PARA CONTINGENCIAS,ifl_account_group_2324,l10n_br_coa.data_account_type_net_worth_capital_reserve,1,ifl_chart_of_accounts.ifl_coa_chart_template
ifl_acc_templ_2_3_02_04_004,2.3.02.04.004,RESERVAS DE LUCROS A REALIZAR,ifl_account_group_2324,l10n_br_coa.data_account_type_net_worth_profit_reserve,1,ifl_chart_of_accounts.ifl_coa_chart_template
ifl_acc_templ_2_3_02_04_005,2.3.02.04.005,RESERVAS DE LUCROS PARA EXPANSAO,ifl_account_group_2324,l10n_br_coa.data_account_type_net_worth_profit_reserve,1,ifl_chart_of_accounts.ifl_coa_chart_template
ifl_acc_templ_2_3_02_04_006,2.3.02.04.006,RESERVA ESPECIAL,ifl_account_group_2324,l10n_br_coa.data_account_type_net_worth_profit_reserve,1,ifl_chart_of_accounts.ifl_coa_chart_template
ifl_acc_templ_2_3_02_04_007,2.3.02.04.007,LUCROS ACUMULADOS,ifl_account_group_2324,account.data_unaffected_earnings,1,ifl_chart_of_accounts.ifl_coa_chart_template
ifl_acc_templ_2_3_02_05_001,2.3.02.05.001,PREJUIZOS FISCAIS NAO COMPENSAVEIS,ifl_account_group_2325,l10n_br_coa.data_account_type_equity_accumulated_losses,1,ifl_chart_of_accounts.ifl_coa_chart_template
ifl_acc_templ_2_3_02_05_003,2.3.02.05.003,PREJUIZOS ACUMULADOS,ifl_account_group_2325,l10n_br_coa.data_account_type_equity_accumulated_losses,1,ifl_chart_of_accounts.ifl_coa_chart_template
ifl_acc_templ_2_3_02_05_004,2.3.02.05.004,PREJUIZOS FISCAIS COMPENSAVEIS,ifl_account_group_2325,l10n_br_coa.data_account_type_equity_accumulated_losses,1,ifl_chart_of_accounts.ifl_coa_chart_template
ifl_acc_templ_2_3_02_06_001,2.3.02.06.001,RESULTADO DO EXERCICIO,ifl_account_group_2326,account.data_account_type_receivable,1,ifl_chart_of_accounts.ifl_coa_chart_template
ifl_acc_templ_2_3_02_06_002,2.3.02.06.002,AJUSTE DE RESULTADO DO EXCERCIO ANTERIOR,ifl_account_group_2326,account.data_account_type_receivable,1,ifl_chart_of_accounts.ifl_coa_chart_template
ifl_acc_templ_2_4_01_001,2.4.01.001,MERCADORIAS RECEBIDAS EM CONSIGNAÇÃO,ifl_account_group_241,account.data_account_type_receivable,1,ifl_chart_of_accounts.ifl_coa_chart_template
ifl_acc_templ_2_4_01_002,2.4.01.002,COMODATO,ifl_account_group_241,account.data_account_type_receivable,1,ifl_chart_of_accounts.ifl_coa_chart_template
ifl_acc_templ_3_1_01_01_001,3.1.01.01.001,DOACOES P.J,ifl_account_group_3111,account.data_account_type_revenue,1,ifl_chart_of_accounts.ifl_coa_chart_template
ifl_acc_templ_3_1_01_01_002,3.1.01.01.002,DOACOES P.F,ifl_account_group_3111,account.data_account_type_revenue,1,ifl_chart_of_accounts.ifl_coa_chart_template
ifl_acc_templ_3_1_01_01_003,3.1.01.01.003,CONTRIBUICOES,ifl_account_group_3111,account.data_account_type_revenue,1,ifl_chart_of_accounts.ifl_coa_chart_template
ifl_acc_templ_3_1_01_01_004,3.1.01.01.004,PATROCIONIOS,ifl_account_group_3111,account.data_account_type_revenue,1,ifl_chart_of_accounts.ifl_coa_chart_template
ifl_acc_templ_3_1_01_01_005,3.1.01.01.005,PARCEIROS MANTENEDORES,ifl_account_group_3111,account.data_account_type_revenue,1,ifl_chart_of_accounts.ifl_coa_chart_template
ifl_acc_templ_3_1_01_01_006,3.1.01.01.006,ORGANIZACOES MADRINHAS,ifl_account_group_3111,account.data_account_type_revenue,1,ifl_chart_of_accounts.ifl_coa_chart_template
ifl_acc_templ_3_1_01_01_007,3.1.01.01.007,PARCEIROS INSTITUCIONAIS,ifl_account_group_3111,account.data_account_type_revenue,1,ifl_chart_of_accounts.ifl_coa_chart_template
ifl_acc_templ_3_1_01_01_008,3.1.01.01.008,AMIGOS DO INSTITUTO,ifl_account_group_3111,account.data_account_type_revenue,1,ifl_chart_of_accounts.ifl_coa_chart_template
ifl_acc_templ_3_1_01_01_510,3.1.01.01.510,OUTRAS RECEITAS PARA CUSTEIO,ifl_account_group_3111,account.data_account_type_revenue,1,ifl_chart_of_accounts.ifl_coa_chart_template
ifl_acc_templ_3_1_01_02_001,3.1.01.02.001,MENSALIDADES P.J.,ifl_account_group_3112,account.data_account_type_revenue,1,ifl_chart_of_accounts.ifl_coa_chart_template
ifl_acc_templ_3_1_01_02_002,3.1.01.02.002,MENSALIDADES P.F.,ifl_account_group_3112,account.data_account_type_revenue,1,ifl_chart_of_accounts.ifl_coa_chart_template
ifl_acc_templ_3_1_01_02_003,3.1.01.02.003,ANUIDADES P.J.,ifl_account_group_3112,account.data_account_type_revenue,1,ifl_chart_of_accounts.ifl_coa_chart_template
ifl_acc_templ_3_1_01_02_004,3.1.01.02.004,ANUIDADES P.F.,ifl_account_group_3112,account.data_account_type_revenue,1,ifl_chart_of_accounts.ifl_coa_chart_template
ifl_acc_templ_3_1_01_02_510,3.1.01.02.510,OUTRAS RECEITAS ASSOCIATIVAS,ifl_account_group_3112,account.data_account_type_revenue,1,ifl_chart_of_accounts.ifl_coa_chart_template
ifl_acc_templ_3_1_01_09_001,3.1.01.09.001,PASSEIOS E EXCURSOES,ifl_account_group_3119,account.data_account_type_revenue,1,ifl_chart_of_accounts.ifl_coa_chart_template
ifl_acc_templ_3_1_01_09_002,3.1.01.09.002,VENDAS DE INGRESSOS,ifl_account_group_3119,account.data_account_type_revenue,1,ifl_chart_of_accounts.ifl_coa_chart_template
ifl_acc_templ_3_1_01_09_510,3.1.01.09.510,OUTRAS RECEITAS PARA ATIVIDADES,ifl_account_group_3119,account.data_account_type_revenue,1,ifl_chart_of_accounts.ifl_coa_chart_template
ifl_acc_templ_3_1_01_10_001,3.1.01.10.001,SUBVENCOES FEDERAIS,ifl_account_group_31110,account.data_account_type_receivable,1,ifl_chart_of_accounts.ifl_coa_chart_template
ifl_acc_templ_3_1_01_10_002,3.1.01.10.002,SUBVENCOES ESTADUAIS,ifl_account_group_31110,account.data_account_type_receivable,1,ifl_chart_of_accounts.ifl_coa_chart_template
ifl_acc_templ_3_1_01_10_003,3.1.01.10.003,SUBVENCOES MUNICIPAIS,ifl_account_group_31110,account.data_account_type_receivable,1,ifl_chart_of_accounts.ifl_coa_chart_template
ifl_acc_templ_3_1_01_10_510,3.1.01.10.510,OUTRAS RECEITAS COM SUBVENCOES,ifl_account_group_31110,account.data_account_type_receivable,1,ifl_chart_of_accounts.ifl_coa_chart_template
ifl_acc_templ_3_1_01_11_001,3.1.01.11.001,VENDAS DE PROD/MERC - INTERNO,ifl_account_group_31111,account.data_account_type_receivable,1,ifl_chart_of_accounts.ifl_coa_chart_template
ifl_acc_templ_3_1_01_11_002,3.1.01.11.002,VENDAS DE PROD/MERC - EXTERNO,ifl_account_group_31111,account.data_account_type_receivable,1,ifl_chart_of_accounts.ifl_coa_chart_template
ifl_acc_templ_3_1_01_11_003,3.1.01.11.003,PRESTACAO DE SERVICO - INTERNO,ifl_account_group_31111,account.data_account_type_receivable,1,ifl_chart_of_accounts.ifl_coa_chart_template
ifl_acc_templ_3_1_01_11_004,3.1.01.11.004,PRESTACAO DE SERVICO - EXTERNO,ifl_account_group_31111,account.data_account_type_receivable,1,ifl_chart_of_accounts.ifl_coa_chart_template
ifl_acc_templ_3_1_01_11_005,3.1.01.11.005,PRESTACAO DE SERVICO - PROD SOCIAL,ifl_account_group_31111,account.data_account_type_receivable,1,ifl_chart_of_accounts.ifl_coa_chart_template
ifl_acc_templ_3_1_01_11_006,3.1.01.11.006,TAXA DE ADMINISTRACAO,ifl_account_group_31111,account.data_account_type_receivable,1,ifl_chart_of_accounts.ifl_coa_chart_template
ifl_acc_templ_3_1_01_11_007,3.1.01.11.007,VENDA E ASSINATURA DE PUBLICACOES,ifl_account_group_31111,account.data_account_type_receivable,1,ifl_chart_of_accounts.ifl_coa_chart_template
ifl_acc_templ_3_1_01_11_008,3.1.01.11.008,VENDAS DE MOVEIS E UTENSILIOS,ifl_account_group_31111,account.data_account_type_receivable,1,ifl_chart_of_accounts.ifl_coa_chart_template
ifl_acc_templ_3_1_01_11_009,3.1.01.11.009,VENDAS DE EDIFICACOES,ifl_account_group_31111,account.data_account_type_receivable,1,ifl_chart_of_accounts.ifl_coa_chart_template
ifl_acc_templ_3_1_01_11_010,3.1.01.11.010,VENDAS DE MAQUINAS E EQUIPAMENTOS,ifl_account_group_31111,account.data_account_type_receivable,1,ifl_chart_of_accounts.ifl_coa_chart_template
ifl_acc_templ_3_1_01_11_011,3.1.01.11.011,VENDAS DE VEICULOS,ifl_account_group_31111,account.data_account_type_receivable,1,ifl_chart_of_accounts.ifl_coa_chart_template
ifl_acc_templ_3_1_01_11_012,3.1.01.11.012,VENDAS DE COMPUTADORES E PERIFERICOS,ifl_account_group_31111,account.data_account_type_receivable,1,ifl_chart_of_accounts.ifl_coa_chart_template
ifl_acc_templ_3_1_01_11_013,3.1.01.11.013,PALESTRAS,ifl_account_group_31111,account.data_account_type_receivable,1,ifl_chart_of_accounts.ifl_coa_chart_template
ifl_acc_templ_3_1_01_11_014,3.1.01.11.014,VENDA DE SACOLAS,ifl_account_group_31111,account.data_account_type_receivable,1,ifl_chart_of_accounts.ifl_coa_chart_template
ifl_acc_templ_3_1_01_11_015,3.1.01.11.015,VENDA DE CARTUCHOS VAZIOS,ifl_account_group_31111,account.data_account_type_receivable,1,ifl_chart_of_accounts.ifl_coa_chart_template
ifl_acc_templ_3_1_01_11_016,3.1.01.11.016,CURSOS E TREINAMENTOS,ifl_account_group_31111,account.data_account_type_receivable,1,ifl_chart_of_accounts.ifl_coa_chart_template
ifl_acc_templ_3_1_01_11_017,3.1.01.11.017,CONSULTORIA E PESQUISA,ifl_account_group_31111,account.data_account_type_receivable,1,ifl_chart_of_accounts.ifl_coa_chart_template
ifl_acc_templ_3_1_01_11_018,3.1.01.11.018,CAPACITACAO E ASSESSORIA,ifl_account_group_31111,account.data_account_type_receivable,1,ifl_chart_of_accounts.ifl_coa_chart_template
ifl_acc_templ_3_1_01_11_019,3.1.01.11.019,ADMINISTRACAO E GERENCIAMENTO DE PROJETO,ifl_account_group_31111,account.data_account_type_receivable,1,ifl_chart_of_accounts.ifl_coa_chart_template
ifl_acc_templ_3_1_01_11_020,3.1.01.11.020,OUTRAS VENDAS DE BENS E SERVICOS,ifl_account_group_31111,account.data_account_type_receivable,1,ifl_chart_of_accounts.ifl_coa_chart_template
ifl_acc_templ_3_1_01_11_510,3.1.01.11.510,RECEITA DE ANUNCIO,ifl_account_group_31111,account.data_account_type_receivable,1,ifl_chart_of_accounts.ifl_coa_chart_template
ifl_acc_templ_3_1_01_20_001,3.1.01.20.001,RENDIMENTO APLIC FINANCEIRAS,ifl_account_group_31120,account.data_account_type_receivable,1,ifl_chart_of_accounts.ifl_coa_chart_template
ifl_acc_templ_3_1_01_20_002,3.1.01.20.002,JUROS E MULTAS ATIVAS,ifl_account_group_31120,account.data_account_type_receivable,1,ifl_chart_of_accounts.ifl_coa_chart_template
ifl_acc_templ_3_1_01_20_003,3.1.01.20.003,VARIACAO MONETARIA E CAMBIAL ATIVA,ifl_account_group_31120,account.data_account_type_receivable,1,ifl_chart_of_accounts.ifl_coa_chart_template
ifl_acc_templ_3_1_01_20_004,3.1.01.20.004,DESCONTOS OBTIDOS,ifl_account_group_31120,account.data_account_type_receivable,1,ifl_chart_of_accounts.ifl_coa_chart_template
ifl_acc_templ_3_1_01_20_005,3.1.01.20.005,LUCROS RECEBIDOS,ifl_account_group_31120,account.data_account_type_receivable,1,ifl_chart_of_accounts.ifl_coa_chart_template
ifl_acc_templ_3_1_01_20_006,3.1.01.20.006,DIVIDENDOS RECEBIDOS,ifl_account_group_31120,account.data_account_type_receivable,1,ifl_chart_of_accounts.ifl_coa_chart_template
ifl_acc_templ_3_1_01_20_007,3.1.01.20.007,PARTICIP.EM DEBENTURES E PARTES BENEFICIADAS,ifl_account_group_31120,account.data_account_type_receivable,1,ifl_chart_of_accounts.ifl_coa_chart_template
ifl_acc_templ_3_1_01_20_510,3.1.01.20.510,OUTRAS RECEITAS FINANCEIRAS,ifl_account_group_31120,account.data_account_type_receivable,1,ifl_chart_of_accounts.ifl_coa_chart_template
ifl_acc_templ_3_1_01_25_001,3.1.01.25.001,ALUGUEIS,ifl_account_group_31125,account.data_account_type_receivable,1,ifl_chart_of_accounts.ifl_coa_chart_template
ifl_acc_templ_3_1_01_25_002,3.1.01.25.002,REEMBOLSO DE DESPESAS OPERACIONAIS,ifl_account_group_31125,account.data_account_type_receivable,1,ifl_chart_of_accounts.ifl_coa_chart_template
ifl_acc_templ_3_1_01_25_003,3.1.01.25.003,REVERSAO DE PROV DEVEDORES DUVIDOSOS,ifl_account_group_31125,account.data_account_type_receivable,1,ifl_chart_of_accounts.ifl_coa_chart_template
ifl_acc_templ_3_1_01_25_004,3.1.01.25.004,COFINS CREDITOS BASICOS LEI 10833,ifl_account_group_31125,account.data_account_type_receivable,1,ifl_chart_of_accounts.ifl_coa_chart_template
ifl_acc_templ_3_1_01_25_005,3.1.01.25.005,OUTRAS RECEITAS DIVERSAS,ifl_account_group_31125,account.data_account_type_receivable,1,ifl_chart_of_accounts.ifl_coa_chart_template
ifl_acc_templ_3_1_01_25_006,3.1.01.25.006,RECEITA DE BONIFICAÇÃO,ifl_account_group_31125,account.data_account_type_receivable,1,ifl_chart_of_accounts.ifl_coa_chart_template
ifl_acc_templ_3_1_01_25_510,3.1.01.25.510,DESPESAS RECUPERADAS,ifl_account_group_31125,account.data_account_type_receivable,1,ifl_chart_of_accounts.ifl_coa_chart_template
ifl_acc_templ_3_1_03_01_001,3.1.03.01.001,OBTENCAO DE RENUNCIA FISCAL - IRPJ,ifl_account_group_3131,account.data_account_type_receivable,1,ifl_chart_of_accounts.ifl_coa_chart_template
ifl_acc_templ_3_1_03_01_002,3.1.03.01.002,OBTENCAO DE RENUNCIA FISCAL - CSLL,ifl_account_group_3131,account.data_account_type_receivable,1,ifl_chart_of_accounts.ifl_coa_chart_template
ifl_acc_templ_3_1_03_01_003,3.1.03.01.003,OBTENCAO DE RENUNCIA FISCAL - INSS,ifl_account_group_3131,account.data_account_type_receivable,1,ifl_chart_of_accounts.ifl_coa_chart_template
ifl_acc_templ_3_1_03_01_004,3.1.03.01.004,OBTENCAO DE RENUNCIA FISCAL - COFINS,ifl_account_group_3131,account.data_account_type_receivable,1,ifl_chart_of_accounts.ifl_coa_chart_template
ifl_acc_templ_3_1_03_01_005,3.1.03.01.005,OBTENCAO DE RENUNCIA FISCAL - ICMS,ifl_account_group_3131,account.data_account_type_receivable,1,ifl_chart_of_accounts.ifl_coa_chart_template
ifl_acc_templ_3_1_03_01_006,3.1.03.01.006,OBTENCAO DE RENUNCIA FISCAL - ISS,ifl_account_group_3131,account.data_account_type_receivable,1,ifl_chart_of_accounts.ifl_coa_chart_template
ifl_acc_templ_3_1_03_01_007,3.1.03.01.007,OBTENCAO DE RENUNCIA FISCAL - IPVA,ifl_account_group_3131,account.data_account_type_receivable,1,ifl_chart_of_accounts.ifl_coa_chart_template
ifl_acc_templ_3_1_03_01_008,3.1.03.01.008,OBTENCAO DE RENUNCIA FISCAL - IMPOSTO DE IMPORTACA,ifl_account_group_3131,account.data_account_type_receivable,1,ifl_chart_of_accounts.ifl_coa_chart_template
ifl_acc_templ_3_1_03_01_009,3.1.03.01.009,OBTENCAO DE RENUNCIA FISCAL - ITBI / ITCMD,ifl_account_group_3131,account.data_account_type_receivable,1,ifl_chart_of_accounts.ifl_coa_chart_template
ifl_acc_templ_3_1_03_01_010,3.1.03.01.010,OBTENCAO DE RENUNCIA FISCAL - IPI,ifl_account_group_3131,account.data_account_type_receivable,1,ifl_chart_of_accounts.ifl_coa_chart_template
ifl_acc_templ_3_1_03_01_011,3.1.03.01.011,OBTENCAO DE GRATUIDADE SERV VOLUNTARIO,ifl_account_group_3131,account.data_account_type_receivable,1,ifl_chart_of_accounts.ifl_coa_chart_template
ifl_acc_templ_3_1_03_01_012,3.1.03.01.012,OBTENCAO DE GRATUIDADE ATIV SAUDE,ifl_account_group_3131,account.data_account_type_receivable,1,ifl_chart_of_accounts.ifl_coa_chart_template
ifl_acc_templ_3_1_03_01_013,3.1.03.01.013,OBTENCAO DE GRATUIDADE ATIV EDUCACIONAL,ifl_account_group_3131,account.data_account_type_receivable,1,ifl_chart_of_accounts.ifl_coa_chart_template
ifl_acc_templ_3_1_03_01_014,3.1.03.01.014,OBTENCAO DE GRATUIDADE ATIV ASSISTENCIAL,ifl_account_group_3131,account.data_account_type_receivable,1,ifl_chart_of_accounts.ifl_coa_chart_template
ifl_acc_templ_3_1_03_01_015,3.1.03.01.015,OBTENCAO DE GRATUIDADE ATIV MEIO AMBIENTE,ifl_account_group_3131,account.data_account_type_receivable,1,ifl_chart_of_accounts.ifl_coa_chart_template
ifl_acc_templ_3_1_03_01_016,3.1.03.01.016,OBTENCAO DE GRATUIDADE ATIV CULTURAL,ifl_account_group_3131,account.data_account_type_receivable,1,ifl_chart_of_accounts.ifl_coa_chart_template
ifl_acc_templ_3_1_03_01_017,3.1.03.01.017,OBTENCAO DE GRATUIDADE ATIV ESPORTE,ifl_account_group_3131,account.data_account_type_receivable,1,ifl_chart_of_accounts.ifl_coa_chart_template
ifl_acc_templ_3_1_03_01_510,3.1.03.01.510,OUTRAS OBTENCOES DE RENUNCIA FISCAL E GRATUIDADE,ifl_account_group_3131,account.data_account_type_receivable,1,ifl_chart_of_accounts.ifl_coa_chart_template
ifl_acc_templ_3_1_04_01_001,3.1.04.01.001,IPI S/ VENDAS,ifl_account_group_3141,account.data_account_type_receivable,1,ifl_chart_of_accounts.ifl_coa_chart_template
ifl_acc_templ_3_1_04_01_002,3.1.04.01.002,ICMS S/ VENDAS,ifl_account_group_3141,account.data_account_type_receivable,1,ifl_chart_of_accounts.ifl_coa_chart_template
ifl_acc_templ_3_1_04_01_003,3.1.04.01.003,ISS S/ SERV PRESTADOS,ifl_account_group_3141,account.data_account_type_receivable,1,ifl_chart_of_accounts.ifl_coa_chart_template
ifl_acc_templ_3_1_04_01_004,3.1.04.01.004,PIS,ifl_account_group_3141,account.data_account_type_receivable,1,ifl_chart_of_accounts.ifl_coa_chart_template
ifl_acc_templ_3_1_04_01_005,3.1.04.01.005,COFINS,ifl_account_group_3141,account.data_account_type_receivable,1,ifl_chart_of_accounts.ifl_coa_chart_template
ifl_acc_templ_3_1_04_01_006,3.1.04.01.006,IPI S/ OUTRAS SAIDAS,ifl_account_group_3141,account.data_account_type_receivable,1,ifl_chart_of_accounts.ifl_coa_chart_template
ifl_acc_templ_3_1_04_01_007,3.1.04.01.007,CREDITOS BASICOS – PIS / COFINS,ifl_account_group_3141,account.data_account_type_receivable,1,ifl_chart_of_accounts.ifl_coa_chart_template
ifl_acc_templ_3_1_04_01_008,3.1.04.01.008,ICMS S/ OUTRAS SAÍDAS,ifl_account_group_3141,account.data_account_type_receivable,1,ifl_chart_of_accounts.ifl_coa_chart_template
ifl_acc_templ_3_1_04_01_009,3.1.04.01.009,IPI S/ VENDAS CANCELADAS OU DEVOLVIDAS,ifl_account_group_3141,account.data_account_type_receivable,1,ifl_chart_of_accounts.ifl_coa_chart_template
ifl_acc_templ_3_1_04_01_010,3.1.04.01.010,ICMS S/ VENDAS CANCELADAS OU DEVOLVIDAS,ifl_account_group_3141,account.data_account_type_receivable,1,ifl_chart_of_accounts.ifl_coa_chart_template
ifl_acc_templ_3_1_04_01_011,3.1.04.01.011,IMPOSTO SIMPLES,ifl_account_group_3141,account.data_account_type_receivable,1,ifl_chart_of_accounts.ifl_coa_chart_template
ifl_acc_templ_3_1_04_01_012,3.1.04.01.012,ISS S/ SERV PREST – OUTROS MUNICIPIOS,ifl_account_group_3141,account.data_account_type_receivable,1,ifl_chart_of_accounts.ifl_coa_chart_template
ifl_acc_templ_3_1_05_01_001,3.1.05.01.001,VENDAS CANC/DEVOL – PRODUTOS,ifl_account_group_3151,account.data_account_type_receivable,1,ifl_chart_of_accounts.ifl_coa_chart_template
ifl_acc_templ_3_1_05_01_002,3.1.05.01.002,VENDAS CANC/DEVOL – MERCADORIAS,ifl_account_group_3151,account.data_account_type_receivable,1,ifl_chart_of_accounts.ifl_coa_chart_template
ifl_acc_templ_3_1_05_01_003,3.1.05.01.003,VENDAS CANC/DEVOL – SERVICOS,ifl_account_group_3151,account.data_account_type_receivable,1,ifl_chart_of_accounts.ifl_coa_chart_template
ifl_acc_templ_3_1_06_01_001,3.1.06.01.001,DESCONTOS CONCEDIDOS,ifl_account_group_3161,account.data_account_type_receivable,1,ifl_chart_of_accounts.ifl_coa_chart_template
ifl_acc_templ_3_1_06_01_002,3.1.06.01.002,OUTROS ABATIMENTOS,ifl_account_group_3161,account.data_account_type_receivable,1,ifl_chart_of_accounts.ifl_coa_chart_template
ifl_acc_templ_3_1_07_01_001,3.1.07.01.001,LUCRO NA VENDA DE IMOBILIZADOS,ifl_account_group_3171,account.data_account_type_receivable,1,ifl_chart_of_accounts.ifl_coa_chart_template
ifl_acc_templ_3_1_07_01_002,3.1.07.01.002,LUCRO NA REALIZACAO DE INVESTIMENTOS,ifl_account_group_3171,account.data_account_type_receivable,1,ifl_chart_of_accounts.ifl_coa_chart_template
ifl_acc_templ_3_1_07_01_003,3.1.07.01.003,OUTRAS RECEITAS NAO OPERACIONAIS,ifl_account_group_3171,account.data_account_type_receivable,1,ifl_chart_of_accounts.ifl_coa_chart_template
ifl_acc_templ_3_1_09_01_001,3.1.09.01.001,GANHOS NA VENDA DE IMOBILIZADOS,ifl_account_group_3191,account.data_account_type_receivable,1,ifl_chart_of_accounts.ifl_coa_chart_template
ifl_acc_templ_3_1_09_01_510,3.1.09.01.510,OUTROS GANHOS NAO OPERACIONAIS,ifl_account_group_3191,account.data_account_type_receivable,1,ifl_chart_of_accounts.ifl_coa_chart_template
ifl_acc_templ_3_5_01_01_001,3.5.01.01.001,SALARIOS E ORDENADOS,ifl_account_group_3511,account.data_account_type_receivable,1,ifl_chart_of_accounts.ifl_coa_chart_template
ifl_acc_templ_3_5_01_01_002,3.5.01.01.002,PREMIOS,ifl_account_group_3511,account.data_account_type_receivable,1,ifl_chart_of_accounts.ifl_coa_chart_template
ifl_acc_templ_3_5_01_01_003,3.5.01.01.003,GRATIFICACOES,ifl_account_group_3511,account.data_account_type_receivable,1,ifl_chart_of_accounts.ifl_coa_chart_template
ifl_acc_templ_3_5_01_01_004,3.5.01.01.004,ADICIONAIS E HORAS EXTRAS,ifl_account_group_3511,account.data_account_type_receivable,1,ifl_chart_of_accounts.ifl_coa_chart_template
ifl_acc_templ_3_5_01_01_005,3.5.01.01.005,FERIAS,ifl_account_group_3511,account.data_account_type_receivable,1,ifl_chart_of_accounts.ifl_coa_chart_template
ifl_acc_templ_3_5_01_01_006,3.5.01.01.006,13 SALARIO,ifl_account_group_3511,account.data_account_type_receivable,1,ifl_chart_of_accounts.ifl_coa_chart_template
ifl_acc_templ_3_5_01_01_007,3.5.01.01.007,AVISO PREVIO E INDENIZACOES,ifl_account_group_3511,account.data_account_type_receivable,1,ifl_chart_of_accounts.ifl_coa_chart_template
ifl_acc_templ_3_5_01_01_008,3.5.01.01.008,ESTAGIARIO,ifl_account_group_3511,account.data_account_type_receivable,1,ifl_chart_of_accounts.ifl_coa_chart_template
ifl_acc_templ_3_5_01_01_009,3.5.01.01.009,AUTONOMOS,ifl_account_group_3511,account.data_account_type_receivable,1,ifl_chart_of_accounts.ifl_coa_chart_template
ifl_acc_templ_3_5_01_01_010,3.5.01.01.010,PRO LABORE,ifl_account_group_3511,account.data_account_type_receivable,1,ifl_chart_of_accounts.ifl_coa_chart_template
ifl_acc_templ_3_5_01_01_510,3.5.01.01.510,OUTRAS DESPESAS COM PESSOAL,ifl_account_group_3511,account.data_account_type_receivable,1,ifl_chart_of_accounts.ifl_coa_chart_template
ifl_acc_templ_3_5_01_02_001,3.5.01.02.001,ASSIST MEDICA E MEDICINA DO TRABALHO,ifl_account_group_3512,account.data_account_type_receivable,1,ifl_chart_of_accounts.ifl_coa_chart_template
ifl_acc_templ_3_5_01_02_002,3.5.01.02.002,VALE TRANSPORTE,ifl_account_group_3512,account.data_account_type_receivable,1,ifl_chart_of_accounts.ifl_coa_chart_template
ifl_acc_templ_3_5_01_02_003,3.5.01.02.003,VALE REFEICAO/REFEITORIO,ifl_account_group_3512,account.data_account_type_receivable,1,ifl_chart_of_accounts.ifl_coa_chart_template
ifl_acc_templ_3_5_01_02_004,3.5.01.02.004,SEGURO DE VIDA EM GRUPO,ifl_account_group_3512,account.data_account_type_receivable,1,ifl_chart_of_accounts.ifl_coa_chart_template
ifl_acc_templ_3_5_01_02_005,3.5.01.02.005,CESTA BASICA,ifl_account_group_3512,account.data_account_type_receivable,1,ifl_chart_of_accounts.ifl_coa_chart_template
ifl_acc_templ_3_5_01_02_006,3.5.01.02.006,APERFEICOAMENTO PROFISSIONAL,ifl_account_group_3512,account.data_account_type_receivable,1,ifl_chart_of_accounts.ifl_coa_chart_template
ifl_acc_templ_3_5_01_02_007,3.5.01.02.007,AUXILIO CRECHE,ifl_account_group_3512,account.data_account_type_receivable,1,ifl_chart_of_accounts.ifl_coa_chart_template
ifl_acc_templ_3_5_01_02_510,3.5.01.02.510,OUTROS BENEFICIOS,ifl_account_group_3512,account.data_account_type_receivable,1,ifl_chart_of_accounts.ifl_coa_chart_template
ifl_acc_templ_3_5_01_03_001,3.5.01.03.001,INSS,ifl_account_group_3513,account.data_account_type_receivable,1,ifl_chart_of_accounts.ifl_coa_chart_template
ifl_acc_templ_3_5_01_03_002,3.5.01.03.002,FGTS,ifl_account_group_3513,account.data_account_type_receivable,1,ifl_chart_of_accounts.ifl_coa_chart_template
ifl_acc_templ_3_5_01_03_003,3.5.01.03.003,PIS FOLHA DE SALARIO,ifl_account_group_3513,account.data_account_type_receivable,1,ifl_chart_of_accounts.ifl_coa_chart_template
ifl_acc_templ_3_5_01_03_004,3.5.01.03.004,INSS SOBRE 13 SALARIO,ifl_account_group_3513,account.data_account_type_receivable,1,ifl_chart_of_accounts.ifl_coa_chart_template
ifl_acc_templ_3_5_01_03_005,3.5.01.03.005,INSS SOBRE FERIAS,ifl_account_group_3513,account.data_account_type_receivable,1,ifl_chart_of_accounts.ifl_coa_chart_template
ifl_acc_templ_3_5_01_03_006,3.5.01.03.006,FGTS SOBRE 13 SALARIO,ifl_account_group_3513,account.data_account_type_receivable,1,ifl_chart_of_accounts.ifl_coa_chart_template
ifl_acc_templ_3_5_01_03_007,3.5.01.03.007,FGTS SOBRE FERIAS,ifl_account_group_3513,account.data_account_type_receivable,1,ifl_chart_of_accounts.ifl_coa_chart_template
ifl_acc_templ_3_5_01_03_008,3.5.01.03.008,PIS SOBRE FERIAS,ifl_account_group_3513,account.data_account_type_receivable,1,ifl_chart_of_accounts.ifl_coa_chart_template
ifl_acc_templ_3_5_01_03_009,3.5.01.03.009,PIS SOBRE 13 SALARIO,ifl_account_group_3513,account.data_account_type_receivable,1,ifl_chart_of_accounts.ifl_coa_chart_template
ifl_acc_templ_3_5_01_03_010,3.5.01.03.010,INSS RURAL,ifl_account_group_3513,account.data_account_type_receivable,1,ifl_chart_of_accounts.ifl_coa_chart_template
ifl_acc_templ_3_5_01_03_510,3.5.01.03.510,OUTROS ENCARGOS SOCIAIS,ifl_account_group_3513,account.data_account_type_receivable,1,ifl_chart_of_accounts.ifl_coa_chart_template
ifl_acc_templ_3_5_01_04_001,3.5.01.04.001,CONTABILIDADE,ifl_account_group_3514,account.data_account_type_receivable,1,ifl_chart_of_accounts.ifl_coa_chart_template
ifl_acc_templ_3_5_01_04_002,3.5.01.04.002,JURIDICO,ifl_account_group_3514,account.data_account_type_receivable,1,ifl_chart_of_accounts.ifl_coa_chart_template
ifl_acc_templ_3_5_01_04_003,3.5.01.04.003,AUDITORIA,ifl_account_group_3514,account.data_account_type_receivable,1,ifl_chart_of_accounts.ifl_coa_chart_template
ifl_acc_templ_3_5_01_04_004,3.5.01.04.004,CONSULTORIA,ifl_account_group_3514,account.data_account_type_receivable,1,ifl_chart_of_accounts.ifl_coa_chart_template
ifl_acc_templ_3_5_01_04_005,3.5.01.04.005,PESQUISA,ifl_account_group_3514,account.data_account_type_receivable,1,ifl_chart_of_accounts.ifl_coa_chart_template
ifl_acc_templ_3_5_01_04_006,3.5.01.04.006,CAPTACAO DE RECURSO,ifl_account_group_3514,account.data_account_type_receivable,1,ifl_chart_of_accounts.ifl_coa_chart_template
ifl_acc_templ_3_5_01_04_007,3.5.01.04.007,ASSESSORIA,ifl_account_group_3514,account.data_account_type_receivable,1,ifl_chart_of_accounts.ifl_coa_chart_template
ifl_acc_templ_3_5_01_04_008,3.5.01.04.008,MANUTENCAO,ifl_account_group_3514,account.data_account_type_receivable,1,ifl_chart_of_accounts.ifl_coa_chart_template
ifl_acc_templ_3_5_01_04_009,3.5.01.04.009,LIMPEZA,ifl_account_group_3514,account.data_account_type_receivable,1,ifl_chart_of_accounts.ifl_coa_chart_template
ifl_acc_templ_3_5_01_04_010,3.5.01.04.010,SEGURANCA E VIGILANCIA,ifl_account_group_3514,account.data_account_type_receivable,1,ifl_chart_of_accounts.ifl_coa_chart_template
ifl_acc_templ_3_5_01_04_011,3.5.01.04.011,PROGRAMACAO,ifl_account_group_3514,account.data_account_type_receivable,1,ifl_chart_of_accounts.ifl_coa_chart_template
ifl_acc_templ_3_5_01_04_012,3.5.01.04.012,MOTOBOY – ENTREGAS,ifl_account_group_3514,account.data_account_type_receivable,1,ifl_chart_of_accounts.ifl_coa_chart_template
ifl_acc_templ_3_5_01_04_013,3.5.01.04.013,INFORMATICA,ifl_account_group_3514,account.data_account_type_receivable,1,ifl_chart_of_accounts.ifl_coa_chart_template
ifl_acc_templ_3_5_01_04_015,3.5.01.04.015,SERVIÇOS GRAFICOS,ifl_account_group_3514,account.data_account_type_receivable,1,ifl_chart_of_accounts.ifl_coa_chart_template
ifl_acc_templ_3_5_01_04_016,3.5.01.04.016,INSTRUÇÃO E TREINAMENTO,ifl_account_group_3514,account.data_account_type_receivable,1,ifl_chart_of_accounts.ifl_coa_chart_template
ifl_acc_templ_3_5_01_04_017,3.5.01.04.017,EVENTOS,ifl_account_group_3514,account.data_account_type_receivable,1,ifl_chart_of_accounts.ifl_coa_chart_template
ifl_acc_templ_3_5_01_04_018,3.5.01.04.018,FRETES,ifl_account_group_3514,account.data_account_type_receivable,1,ifl_chart_of_accounts.ifl_coa_chart_template
ifl_acc_templ_3_5_01_04_019,3.5.01.04.019,COMUNICAÇÃO,ifl_account_group_3514,account.data_account_type_receivable,1,ifl_chart_of_accounts.ifl_coa_chart_template
ifl_acc_templ_3_5_01_04_510,3.5.01.04.510,SERVICOS ADMINISTRATIVOS,ifl_account_group_3514,account.data_account_type_receivable,1,ifl_chart_of_accounts.ifl_coa_chart_template
ifl_acc_templ_3_5_01_04_511,3.5.01.04.511,SERVIÇOS TOMADOS (C/ CREDITO),ifl_account_group_3514,account.data_account_type_receivable,1,ifl_chart_of_accounts.ifl_coa_chart_template
ifl_acc_templ_3_5_01_04_512,3.5.01.04.512,SERVIÇOS TOMADOS (S/ CREDITO),ifl_account_group_3514,account.data_account_type_receivable,1,ifl_chart_of_accounts.ifl_coa_chart_template
ifl_acc_templ_3_5_01_04_600,3.5.01.04.600,OUTROS SERVICOS TOMADOS,ifl_account_group_3514,account.data_account_type_receivable,1,ifl_chart_of_accounts.ifl_coa_chart_template
ifl_acc_templ_3_5_01_05_001,3.5.01.05.001,HOSPEDAGENS,ifl_account_group_3515,account.data_account_type_receivable,1,ifl_chart_of_accounts.ifl_coa_chart_template
ifl_acc_templ_3_5_01_05_002,3.5.01.05.002,PASSAGENS,ifl_account_group_3515,account.data_account_type_receivable,1,ifl_chart_of_accounts.ifl_coa_chart_template
ifl_acc_templ_3_5_01_05_003,3.5.01.05.003,GORJETAS,ifl_account_group_3515,account.data_account_type_receivable,1,ifl_chart_of_accounts.ifl_coa_chart_template
ifl_acc_templ_3_5_01_05_004,3.5.01.05.004,ALIMENTACAO,ifl_account_group_3515,account.data_account_type_receivable,1,ifl_chart_of_accounts.ifl_coa_chart_template
ifl_acc_templ_3_5_01_05_005,3.5.01.05.005,CONDUCAO,ifl_account_group_3515,account.data_account_type_receivable,1,ifl_chart_of_accounts.ifl_coa_chart_template
ifl_acc_templ_3_5_01_05_510,3.5.01.05.510,OUTRAS DESPESAS COM VIAGENS,ifl_account_group_3515,account.data_account_type_receivable,1,ifl_chart_of_accounts.ifl_coa_chart_template
ifl_acc_templ_3_5_01_06_001,3.5.01.06.001,ALUGUEL,ifl_account_group_3516,account.data_account_type_receivable,1,ifl_chart_of_accounts.ifl_coa_chart_template
ifl_acc_templ_3_5_01_06_002,3.5.01.06.002,CONDOMINIO,ifl_account_group_3516,account.data_account_type_receivable,1,ifl_chart_of_accounts.ifl_coa_chart_template
ifl_acc_templ_3_5_01_06_003,3.5.01.06.003,AGUA E ESGOTO,ifl_account_group_3516,account.data_account_type_receivable,1,ifl_chart_of_accounts.ifl_coa_chart_template
ifl_acc_templ_3_5_01_06_004,3.5.01.06.004,ENERGIA ELETRICA,ifl_account_group_3516,account.data_account_type_receivable,1,ifl_chart_of_accounts.ifl_coa_chart_template
ifl_acc_templ_3_5_01_06_005,3.5.01.06.005,SEGUROS PREDIAIS,ifl_account_group_3516,account.data_account_type_receivable,1,ifl_chart_of_accounts.ifl_coa_chart_template
ifl_acc_templ_3_5_01_06_006,3.5.01.06.006,MATERIAL DE LIMPEZA,ifl_account_group_3516,account.data_account_type_receivable,1,ifl_chart_of_accounts.ifl_coa_chart_template
ifl_acc_templ_3_5_01_06_007,3.5.01.06.007,MATERIAL PARA CONSERVACAO E REPAROS,ifl_account_group_3516,account.data_account_type_receivable,1,ifl_chart_of_accounts.ifl_coa_chart_template
ifl_acc_templ_3_5_01_06_008,3.5.01.06.008,GÁS,ifl_account_group_3516,account.data_account_type_receivable,1,ifl_chart_of_accounts.ifl_coa_chart_template
ifl_acc_templ_3_5_01_06_510,3.5.01.06.510,OUTRAS DESPESAS DE OCUPACAO,ifl_account_group_3516,account.data_account_type_receivable,1,ifl_chart_of_accounts.ifl_coa_chart_template
ifl_acc_templ_3_5_01_07_001,3.5.01.07.001,COMBUSTIVEIS E LUBRIFICANTES,ifl_account_group_3517,account.data_account_type_receivable,1,ifl_chart_of_accounts.ifl_coa_chart_template
ifl_acc_templ_3_5_01_07_002,3.5.01.07.002,SEGURO DE VEICULOS,ifl_account_group_3517,account.data_account_type_receivable,1,ifl_chart_of_accounts.ifl_coa_chart_template
ifl_acc_templ_3_5_01_07_003,3.5.01.07.003,DEPRECIACAO DE VEICULOS,ifl_account_group_3517,account.data_account_type_receivable,1,ifl_chart_of_accounts.ifl_coa_chart_template
ifl_acc_templ_3_5_01_07_004,3.5.01.07.004,PEDAGIO,ifl_account_group_3517,account.data_account_type_receivable,1,ifl_chart_of_accounts.ifl_coa_chart_template
ifl_acc_templ_3_5_01_07_005,3.5.01.07.005,MANUTENCAO - PECAS,ifl_account_group_3517,account.data_account_type_receivable,1,ifl_chart_of_accounts.ifl_coa_chart_template
ifl_acc_templ_3_5_01_07_006,3.5.01.07.006,LEASING DE VEICULOS,ifl_account_group_3517,account.data_account_type_receivable,1,ifl_chart_of_accounts.ifl_coa_chart_template
ifl_acc_templ_3_5_01_07_007,3.5.01.07.007,OUTRAS DESPESAS COM VEICULOS,ifl_account_group_3517,account.data_account_type_receivable,1,ifl_chart_of_accounts.ifl_coa_chart_template
ifl_acc_templ_3_5_01_07_510,3.5.01.07.510,ESTACIONAMENTO,ifl_account_group_3517,account.data_account_type_receivable,1,ifl_chart_of_accounts.ifl_coa_chart_template
ifl_acc_templ_3_5_01_08_001,3.5.01.08.001,CONDUCAO,ifl_account_group_3518,account.data_account_type_receivable,1,ifl_chart_of_accounts.ifl_coa_chart_template
ifl_acc_templ_3_5_01_08_002,3.5.01.08.002,"TELEFONE,FAX,INTERNET",ifl_account_group_3518,account.data_account_type_receivable,1,ifl_chart_of_accounts.ifl_coa_chart_template
ifl_acc_templ_3_5_01_08_003,3.5.01.08.003,XEROX,ifl_account_group_3518,account.data_account_type_receivable,1,ifl_chart_of_accounts.ifl_coa_chart_template
ifl_acc_templ_3_5_01_08_004,3.5.01.08.004,ASSINATURA DE JORNAIS/REVISTA/PERIODICOS,ifl_account_group_3518,account.data_account_type_receivable,1,ifl_chart_of_accounts.ifl_coa_chart_template
ifl_acc_templ_3_5_01_08_005,3.5.01.08.005,LANCHES E REFEICOES,ifl_account_group_3518,account.data_account_type_receivable,1,ifl_chart_of_accounts.ifl_coa_chart_template
ifl_acc_templ_3_5_01_08_006,3.5.01.08.006,LICENCA DE USO / LOCACAO DE SOFTWARE,ifl_account_group_3518,account.data_account_type_receivable,1,ifl_chart_of_accounts.ifl_coa_chart_template
ifl_acc_templ_3_5_01_08_007,3.5.01.08.007,CARTORIO,ifl_account_group_3518,account.data_account_type_receivable,1,ifl_chart_of_accounts.ifl_coa_chart_template
ifl_acc_templ_3_5_01_08_008,3.5.01.08.008,COPA E COZINHA,ifl_account_group_3518,account.data_account_type_receivable,1,ifl_chart_of_accounts.ifl_coa_chart_template
ifl_acc_templ_3_5_01_08_009,3.5.01.08.009,CORREIOS E MALOTES,ifl_account_group_3518,account.data_account_type_receivable,1,ifl_chart_of_accounts.ifl_coa_chart_template
ifl_acc_templ_3_5_01_08_010,3.5.01.08.010,DEVEDORES DUVIDOSOS,ifl_account_group_3518,account.data_account_type_receivable,1,ifl_chart_of_accounts.ifl_coa_chart_template
ifl_acc_templ_3_5_01_08_011,3.5.01.08.011,BENS DURAVEIS DE PEQUENO VALOR,ifl_account_group_3518,account.data_account_type_receivable,1,ifl_chart_of_accounts.ifl_coa_chart_template
ifl_acc_templ_3_5_01_08_012,3.5.01.08.012,LOCACAO DE MAQS E EQUIPAMENTOS,ifl_account_group_3518,account.data_account_type_receivable,1,ifl_chart_of_accounts.ifl_coa_chart_template
ifl_acc_templ_3_5_01_08_013,3.5.01.08.013,UNIFORMES,ifl_account_group_3518,account.data_account_type_receivable,1,ifl_chart_of_accounts.ifl_coa_chart_template
ifl_acc_templ_3_5_01_08_014,3.5.01.08.014,FRETES E CARRETOS,ifl_account_group_3518,account.data_account_type_receivable,1,ifl_chart_of_accounts.ifl_coa_chart_template
ifl_acc_templ_3_5_01_08_015,3.5.01.08.015,SEGUROS RISCOS DIVERSOS,ifl_account_group_3518,account.data_account_type_receivable,1,ifl_chart_of_accounts.ifl_coa_chart_template
ifl_acc_templ_3_5_01_08_016,3.5.01.08.016,DONATIVOS E CONTRIBUICOES,ifl_account_group_3518,account.data_account_type_receivable,1,ifl_chart_of_accounts.ifl_coa_chart_template
ifl_acc_templ_3_5_01_08_017,3.5.01.08.017,MATERIAL DIDATICO,ifl_account_group_3518,account.data_account_type_receivable,1,ifl_chart_of_accounts.ifl_coa_chart_template
ifl_acc_templ_3_5_01_08_018,3.5.01.08.018,GRAFICA,ifl_account_group_3518,account.data_account_type_receivable,1,ifl_chart_of_accounts.ifl_coa_chart_template
ifl_acc_templ_3_5_01_08_019,3.5.01.08.019,MATERIAL DE FISIOTERAPIA,ifl_account_group_3518,account.data_account_type_receivable,1,ifl_chart_of_accounts.ifl_coa_chart_template
ifl_acc_templ_3_5_01_08_020,3.5.01.08.020,TAXAS PAGAS CLIENTES,ifl_account_group_3518,account.data_account_type_receivable,1,ifl_chart_of_accounts.ifl_coa_chart_template
ifl_acc_templ_3_5_01_08_021,3.5.01.08.021,ASSOCIACAO DE CLASSE E CONGENERES,ifl_account_group_3518,account.data_account_type_receivable,1,ifl_chart_of_accounts.ifl_coa_chart_template
ifl_acc_templ_3_5_01_08_022,3.5.01.08.022,DEPRECIACAO,ifl_account_group_3518,account.data_account_type_receivable,1,ifl_chart_of_accounts.ifl_coa_chart_template
ifl_acc_templ_3_5_01_08_023,3.5.01.08.023,VISITAS/COMBUSTIVEL/ESTACIONAMENTO,ifl_account_group_3518,account.data_account_type_receivable,1,ifl_chart_of_accounts.ifl_coa_chart_template
ifl_acc_templ_3_5_01_08_024,3.5.01.08.024,REPASSE DE CONTRIBUICOES,ifl_account_group_3518,account.data_account_type_receivable,1,ifl_chart_of_accounts.ifl_coa_chart_template
ifl_acc_templ_3_5_01_08_025,3.5.01.08.025,MATERIAL DE CONSUMO,ifl_account_group_3518,account.data_account_type_receivable,1,ifl_chart_of_accounts.ifl_coa_chart_template
ifl_acc_templ_3_5_01_08_026,3.5.01.08.026,MATERIAL DE ESCRITORIO,ifl_account_group_3518,account.data_account_type_receivable,1,ifl_chart_of_accounts.ifl_coa_chart_template
ifl_acc_templ_3_5_01_08_027,3.5.01.08.027,PECAS P/ MAQS E EQUIPS ESCRITORIO,ifl_account_group_3518,account.data_account_type_receivable,1,ifl_chart_of_accounts.ifl_coa_chart_template
ifl_acc_templ_3_5_01_08_028,3.5.01.08.028,OUTRAS DESPESAS ADMINISTRATIVAS,ifl_account_group_3518,account.data_account_type_receivable,1,ifl_chart_of_accounts.ifl_coa_chart_template
ifl_acc_templ_3_5_01_08_029,3.5.01.08.029,AJUDA DE CUSTO,ifl_account_group_3518,account.data_account_type_receivable,1,ifl_chart_of_accounts.ifl_coa_chart_template
ifl_acc_templ_3_5_01_08_510,3.5.01.08.510,CURSOS E TREINAMENTOS,ifl_account_group_3518,account.data_account_type_receivable,1,ifl_chart_of_accounts.ifl_coa_chart_template
ifl_acc_templ_3_5_01_09_001,3.5.01.09.001,PUBLICIDADE,ifl_account_group_3519,account.data_account_type_receivable,1,ifl_chart_of_accounts.ifl_coa_chart_template
ifl_acc_templ_3_5_01_09_002,3.5.01.09.002,MARKETING,ifl_account_group_3519,account.data_account_type_receivable,1,ifl_chart_of_accounts.ifl_coa_chart_template
ifl_acc_templ_3_5_01_09_003,3.5.01.09.003,EVENTOS PROMOCIONAIS E ALUSIVOS,ifl_account_group_3519,account.data_account_type_receivable,1,ifl_chart_of_accounts.ifl_coa_chart_template
ifl_acc_templ_3_5_01_09_004,3.5.01.09.004,GASTOS NO DESENVOLVIMENTO PARCERIAS,ifl_account_group_3519,account.data_account_type_receivable,1,ifl_chart_of_accounts.ifl_coa_chart_template
ifl_acc_templ_3_5_01_09_005,3.5.01.09.005,GASTOS EM RELACOES PUBLICAS,ifl_account_group_3519,account.data_account_type_receivable,1,ifl_chart_of_accounts.ifl_coa_chart_template
ifl_acc_templ_3_5_01_09_006,3.5.01.09.006,PARTICIPACOES EM EVENTOS BENEFICENTES,ifl_account_group_3519,account.data_account_type_receivable,1,ifl_chart_of_accounts.ifl_coa_chart_template
ifl_acc_templ_3_5_01_09_007,3.5.01.09.007,PARTIC EM EVENTOS CULTURAIS E ARTISTICOS,ifl_account_group_3519,account.data_account_type_receivable,1,ifl_chart_of_accounts.ifl_coa_chart_template
ifl_acc_templ_3_5_01_09_008,3.5.01.09.008,PARTICIPACOES EM FEIRAS,ifl_account_group_3519,account.data_account_type_receivable,1,ifl_chart_of_accounts.ifl_coa_chart_template
ifl_acc_templ_3_5_01_09_009,3.5.01.09.009,PARTIC CONGRESSOS/REUNIOES/SEMINARIOS,ifl_account_group_3519,account.data_account_type_receivable,1,ifl_chart_of_accounts.ifl_coa_chart_template
ifl_acc_templ_3_5_01_09_010,3.5.01.09.010,GASTOS COM BRINDES/PRESENTES/CORTESIAS,ifl_account_group_3519,account.data_account_type_receivable,1,ifl_chart_of_accounts.ifl_coa_chart_template
ifl_acc_templ_3_5_01_09_510,3.5.01.09.510,OUTRAS GASTOS MARK/CAP REC/DESENV PARC,ifl_account_group_3519,account.data_account_type_receivable,1,ifl_chart_of_accounts.ifl_coa_chart_template
ifl_acc_templ_3_5_01_10_001,3.5.01.10.001,IRPJ,ifl_account_group_35110,l10n_br_coa.data_account_type_expense_irpj,1,ifl_chart_of_accounts.ifl_coa_chart_template
ifl_acc_templ_3_5_01_10_002,3.5.01.10.002,CSLL,ifl_account_group_35110,l10n_br_coa.data_account_type_expense_csll,1,ifl_chart_of_accounts.ifl_coa_chart_template
ifl_acc_templ_3_5_01_10_003,3.5.01.10.003,ADICIONAL IRPJ,ifl_account_group_35110,l10n_br_coa.data_account_type_expense_irpj,1,ifl_chart_of_accounts.ifl_coa_chart_template
ifl_acc_templ_3_5_01_10_004,3.5.01.10.004,COFINS,ifl_account_group_35110,account.data_account_type_receivable,1,ifl_chart_of_accounts.ifl_coa_chart_template
ifl_acc_templ_3_5_01_10_005,3.5.01.10.005,PIS,ifl_account_group_35110,account.data_account_type_receivable,1,ifl_chart_of_accounts.ifl_coa_chart_template
ifl_acc_templ_3_5_01_10_006,3.5.01.10.006,ISS,ifl_account_group_35110,account.data_account_type_receivable,1,ifl_chart_of_accounts.ifl_coa_chart_template
ifl_acc_templ_3_5_01_10_007,3.5.01.10.007,ICMS,ifl_account_group_35110,account.data_account_type_receivable,1,ifl_chart_of_accounts.ifl_coa_chart_template
ifl_acc_templ_3_5_01_10_008,3.5.01.10.008,IPI,ifl_account_group_35110,account.data_account_type_receivable,1,ifl_chart_of_accounts.ifl_coa_chart_template
ifl_acc_templ_3_5_01_10_009,3.5.01.10.009,IMP IMPORTACAO,ifl_account_group_35110,account.data_account_type_receivable,1,ifl_chart_of_accounts.ifl_coa_chart_template
ifl_acc_templ_3_5_01_10_010,3.5.01.10.010,ITCMD,ifl_account_group_35110,account.data_account_type_receivable,1,ifl_chart_of_accounts.ifl_coa_chart_template
ifl_acc_templ_3_5_01_10_011,3.5.01.10.011,ITBI,ifl_account_group_35110,account.data_account_type_receivable,1,ifl_chart_of_accounts.ifl_coa_chart_template
ifl_acc_templ_3_5_01_10_012,3.5.01.10.012,CONTRIBUICAO SINDICAL,ifl_account_group_35110,account.data_account_type_receivable,1,ifl_chart_of_accounts.ifl_coa_chart_template
ifl_acc_templ_3_5_01_10_013,3.5.01.10.013,TAXA DE LICENCA FISCALIZ E FUNCIONAMENTO,ifl_account_group_35110,account.data_account_type_receivable,1,ifl_chart_of_accounts.ifl_coa_chart_template
ifl_acc_templ_3_5_01_10_014,3.5.01.10.014,IPTU,ifl_account_group_35110,account.data_account_type_receivable,1,ifl_chart_of_accounts.ifl_coa_chart_template
ifl_acc_templ_3_5_01_10_015,3.5.01.10.015,IPVA,ifl_account_group_35110,account.data_account_type_receivable,1,ifl_chart_of_accounts.ifl_coa_chart_template
ifl_acc_templ_3_5_01_10_016,3.5.01.10.016,PIS S/ OUTRAS RECEITAS,ifl_account_group_35110,account.data_account_type_receivable,1,ifl_chart_of_accounts.ifl_coa_chart_template
ifl_acc_templ_3_5_01_10_017,3.5.01.10.017,COFINS S/ OUTRAS RECEITAS,ifl_account_group_35110,account.data_account_type_receivable,1,ifl_chart_of_accounts.ifl_coa_chart_template
ifl_acc_templ_3_5_01_10_018,3.5.01.10.018,OUTROS IMPOSTOS E TAXAS,ifl_account_group_35110,account.data_account_type_receivable,1,ifl_chart_of_accounts.ifl_coa_chart_template
ifl_acc_templ_3_5_01_10_510,3.5.01.10.510,CONSELHOS REGIONAIS,ifl_account_group_35110,account.data_account_type_receivable,1,ifl_chart_of_accounts.ifl_coa_chart_template
ifl_acc_templ_3_5_01_11_001,3.5.01.11.001,TARIFAS BANCARIAS,ifl_account_group_35111,account.data_account_type_receivable,1,ifl_chart_of_accounts.ifl_coa_chart_template
ifl_acc_templ_3_5_01_11_002,3.5.01.11.002,JUROS E MULTAS PASSIVAS,ifl_account_group_35111,account.data_account_type_receivable,1,ifl_chart_of_accounts.ifl_coa_chart_template
ifl_acc_templ_3_5_01_11_003,3.5.01.11.003,CPMF,ifl_account_group_35111,account.data_account_type_receivable,1,ifl_chart_of_accounts.ifl_coa_chart_template
ifl_acc_templ_3_5_01_11_004,3.5.01.11.004,IOF,ifl_account_group_35111,account.data_account_type_receivable,1,ifl_chart_of_accounts.ifl_coa_chart_template
ifl_acc_templ_3_5_01_11_005,3.5.01.11.005,IRRF APLICACOES FINANCEIRAS,ifl_account_group_35111,l10n_br_coa.data_account_type_expenses_financial,1,ifl_chart_of_accounts.ifl_coa_chart_template
ifl_acc_templ_3_5_01_11_006,3.5.01.11.006,VARIACAO MONETARIA PASSIVA,ifl_account_group_35111,l10n_br_coa.data_account_type_expenses_financial,1,ifl_chart_of_accounts.ifl_coa_chart_template
ifl_acc_templ_3_5_01_11_007,3.5.01.11.007,MULTAS PASSIVAS,ifl_account_group_35111,l10n_br_coa.data_account_type_expenses_financial,1,ifl_chart_of_accounts.ifl_coa_chart_template
ifl_acc_templ_3_5_01_11_008,3.5.01.11.008,DESPESAS COM OPERACOES DE CAMBIO,ifl_account_group_35111,l10n_br_coa.data_account_type_expenses_financial,1,ifl_chart_of_accounts.ifl_coa_chart_template
ifl_acc_templ_3_5_01_11_009,3.5.01.11.009,OUTRAS DESPESAS FINANCEIRAS,ifl_account_group_35111,l10n_br_coa.data_account_type_expenses_financial,1,ifl_chart_of_accounts.ifl_coa_chart_template
ifl_acc_templ_3_5_01_11_010,3.5.01.11.010,TARIFA MECARDO PAGO,ifl_account_group_35111,l10n_br_coa.data_account_type_expenses_financial,1,ifl_chart_of_accounts.ifl_coa_chart_template
ifl_acc_templ_3_5_01_11_510,3.5.01.11.510,VARIACAO CAMBIAL PASSIVA,ifl_account_group_35111,l10n_br_coa.data_account_type_expenses_financial,1,ifl_chart_of_accounts.ifl_coa_chart_template
ifl_acc_templ_3_5_01_15_001,3.5.01.15.001,ESTOQUE INCIAL,ifl_account_group_35115,account.data_account_type_receivable,1,ifl_chart_of_accounts.ifl_coa_chart_template
ifl_acc_templ_3_5_01_15_002,3.5.01.15.002,ESTOQUE FINAL,ifl_account_group_35115,account.data_account_type_receivable,1,ifl_chart_of_accounts.ifl_coa_chart_template
ifl_acc_templ_3_5_01_15_003,3.5.01.15.003,COMPRAS MERC / PRODUTOS,ifl_account_group_35115,account.data_account_type_receivable,1,ifl_chart_of_accounts.ifl_coa_chart_template
ifl_acc_templ_3_5_01_15_004,3.5.01.15.004,CPV / CMV,ifl_account_group_35115,account.data_account_type_receivable,1,ifl_chart_of_accounts.ifl_coa_chart_template
ifl_acc_templ_3_5_01_15_005,3.5.01.15.005,EMBALAGENS E ACONDICIONAMENTOS,ifl_account_group_35115,account.data_account_type_receivable,1,ifl_chart_of_accounts.ifl_coa_chart_template
ifl_acc_templ_3_5_01_15_006,3.5.01.15.006,OUTROS CUSTOS,ifl_account_group_35115,l10n_br_coa.data_account_type_expenses_financial,1,ifl_chart_of_accounts.ifl_coa_chart_template
ifl_acc_templ_3_5_01_15_007,3.5.01.15.007,CUSTO PRODUTOR RURAL,ifl_account_group_35115,account.data_account_type_receivable,1,ifl_chart_of_accounts.ifl_coa_chart_template
ifl_acc_templ_3_5_01_15_008,3.5.01.15.008,ICMS SOBRE COMPRA DE MERCADORIA,ifl_account_group_35115,account.data_account_type_receivable,1,ifl_chart_of_accounts.ifl_coa_chart_template
ifl_acc_templ_3_5_01_15_009,3.5.01.15.009,ENTRADA DE MERCADORIA BONIFIC DOACAO,ifl_account_group_35115,account.data_account_type_receivable,1,ifl_chart_of_accounts.ifl_coa_chart_template
